"","name","segment_ids","id","description","part_of"
"1",NA,105,0,"","Beach Lake Sled Dog"
"2",NA,107,0,"","Beach Lake Sled Dog"
"3",NA,108,0,"","Beach Lake Sled Dog"
"4",NA,109,0,"","Beach Lake Sled Dog"
"5",NA,110,0,"","Beach Lake Sled Dog"
"6",NA,112,0,"","Beach Lake Sled Dog"
"7",NA,113,0,"","Beach Lake Sled Dog"
"8",NA,114,0,"","Beach Lake Sled Dog"
"9",NA,115,0,"","Beach Lake Sled Dog"
"10",NA,116,0,"","Beach Lake Sled Dog"
"11",NA,117,0,"","Beach Lake Sled Dog"
"12",NA,118,0,"","Beach Lake Sled Dog"
"13",NA,119,0,"","Beach Lake Sled Dog"
"14",NA,120,0,"","Beach Lake Sled Dog"
"15",NA,121,0,"","Beach Lake Sled Dog"
"16",NA,122,0,"","Beach Lake Sled Dog"
"17",NA,123,0,"","Beach Lake Sled Dog"
"18",NA,124,0,"","Beach Lake Sled Dog"
"19",NA,125,0,"","Beach Lake Sled Dog"
"20",NA,126,0,"","Beach Lake Sled Dog"
"21",NA,127,0,"","Beach Lake Sled Dog"
"22",NA,128,0,"","Beach Lake Sled Dog"
"23",NA,129,0,"","Beach Lake Sled Dog"
"24",NA,130,0,"","Beach Lake Sled Dog"
"25",NA,131,0,"","Beach Lake Sled Dog"
"26",NA,132,0,"","Beach Lake Sled Dog"
"27",NA,133,0,"","Beach Lake Sled Dog"
"28",NA,134,0,"","Beach Lake Sled Dog"
"29",NA,135,0,"","Beach Lake Sled Dog"
"30",NA,136,0,"","Beach Lake Sled Dog"
"31",NA,137,0,"","Beach Lake Sled Dog"
"32",NA,138,0,"","Beach Lake Sled Dog"
"33",NA,139,0,"","Beach Lake Sled Dog"
"34",NA,140,0,"","Beach Lake Sled Dog"
"35",NA,141,0,"","Beach Lake Sled Dog"
"36",NA,142,0,"","Beach Lake Sled Dog"
"37",NA,143,0,"","Beach Lake Sled Dog"
"38",NA,167,0,"","Beach Lake Sled Dog"
"39",NA,168,0,"","Beach Lake Sled Dog"
"40",NA,170,0,"","Beach Lake Sled Dog"
"41",NA,171,0,"","Beach Lake Sled Dog"
"42",NA,172,0,"","Beach Lake Sled Dog"
"43",NA,173,0,"","Beach Lake Sled Dog"
"44",NA,174,0,"","Beach Lake Sled Dog"
"45",NA,175,0,"","Beach Lake Sled Dog"
"46",NA,194,0,"","Beach Lake Sled Dog"
"47",NA,195,0,"","Beach Lake Sled Dog"
"48",NA,196,0,"","Beach Lake Sled Dog"
"49",NA,197,0,"","Beach Lake Sled Dog"
"50",NA,198,0,"","Beach Lake Sled Dog"
"51",NA,201,0,"","Beach Lake Sled Dog"
"52",NA,202,0,"","Beach Lake Sled Dog"
"53",NA,203,0,"","Beach Lake Sled Dog"
"54",NA,204,0,"","Beach Lake Sled Dog"
"55",NA,205,0,"","Beach Lake Sled Dog"
"56",NA,206,0,"","Beach Lake Sled Dog"
"57",NA,207,0,"","Beach Lake Sled Dog"
"58",NA,208,0,"","Beach Lake Sled Dog"
"59",NA,209,0,"","Beach Lake Sled Dog"
"60",NA,210,0,"","Beach Lake Sled Dog"
"61",NA,211,0,"","Beach Lake Sled Dog"
"62",NA,212,0,"","Beach Lake Sled Dog"
"63",NA,213,0,"","Beach Lake Sled Dog"
"64",NA,215,0,"","Beach Lake Sled Dog"
"65",NA,217,0,"","Beach Lake Sled Dog"
"66",NA,218,0,"","Beach Lake Sled Dog"
"67",NA,219,0,"","Beach Lake Sled Dog"
"68",NA,220,0,"","Beach Lake Sled Dog"
"69","Unnamed",276,1514,"",NA
"70",NA,304,0,"","Beach Lake Sled Dog"
"71",NA,306,0,"","Beach Lake Sled Dog"
"72",NA,307,0,"","Beach Lake Sled Dog"
"73",NA,308,0,"","Beach Lake Sled Dog"
"74",NA,309,0,"","Beach Lake Sled Dog"
"75",NA,310,0,"","Beach Lake Sled Dog"
"76",NA,311,0,"","Beach Lake Sled Dog"
"77",NA,312,0,"","Beach Lake Sled Dog"
"78",NA,313,0,"","Beach Lake Sled Dog"
"79",NA,317,0,"","Beach Lake Sled Dog"
"80",NA,318,0,"","Beach Lake Sled Dog"
"81",NA,319,0,"","Beach Lake Sled Dog"
"82",NA,320,0,"","Beach Lake Sled Dog"
"83",NA,321,0,"","Beach Lake Sled Dog"
"84",NA,322,0,"","Beach Lake Sled Dog"
"85",NA,323,0,"","Beach Lake Sled Dog"
"86",NA,324,0,"","Beach Lake Sled Dog"
"87",NA,325,0,"","Beach Lake Sled Dog"
"88",NA,326,0,"","Beach Lake Sled Dog"
"89",NA,327,0,"","Beach Lake Sled Dog"
"90",NA,328,0,"","Beach Lake Sled Dog"
"91",NA,329,0,"","Beach Lake Sled Dog"
"92",NA,330,0,"","Beach Lake Sled Dog"
"93",NA,331,0,"","Beach Lake Sled Dog"
"94",NA,332,0,"","Beach Lake Sled Dog"
"95",NA,333,0,"","Beach Lake Sled Dog"
"96",NA,334,0,"","Beach Lake Sled Dog"
"97",NA,335,0,"","Beach Lake Sled Dog"
"98",NA,336,0,"","Beach Lake Sled Dog"
"99",NA,338,0,"","Beach Lake Sled Dog"
"100",NA,339,0,"","Beach Lake Sled Dog"
"101",NA,340,0,"","Beach Lake Sled Dog"
"102",NA,341,0,"","Beach Lake Sled Dog"
"103",NA,342,0,"","Beach Lake Sled Dog"
"104",NA,344,0,"","Beach Lake Sled Dog"
"105",NA,345,0,"","Beach Lake Sled Dog"
"106",NA,346,0,"","Beach Lake Sled Dog"
"107",NA,347,0,"","Beach Lake Sled Dog"
"108",NA,349,0,"","Beach Lake Sled Dog"
"109",NA,350,0,"","Beach Lake Sled Dog"
"110",NA,351,0,"","Beach Lake Sled Dog"
"111",NA,352,0,"","Beach Lake Sled Dog"
"112",NA,353,0,"","Beach Lake Sled Dog"
"113",NA,354,0,"","Beach Lake Sled Dog"
"114",NA,355,0,"","Beach Lake Sled Dog"
"115",NA,356,0,"","Beach Lake Sled Dog"
"116",NA,357,0,"","Beach Lake Sled Dog"
"117",NA,359,0,"","Beach Lake Sled Dog"
"118",NA,361,0,"","Beach Lake Sled Dog"
"119",NA,362,0,"","Beach Lake Sled Dog"
"120",NA,363,0,"","Beach Lake Sled Dog"
"121",NA,364,0,"","Beach Lake Sled Dog"
"122",NA,365,0,"","Beach Lake Sled Dog"
"123",NA,366,0,"","Beach Lake Sled Dog"
"124",NA,367,0,"","Beach Lake Sled Dog"
"125",NA,368,0,"","Beach Lake Sled Dog"
"126",NA,369,0,"","Beach Lake Sled Dog"
"127",NA,370,0,"","Beach Lake Sled Dog"
"128",NA,371,0,"","Beach Lake Sled Dog"
"129",NA,372,0,"","Beach Lake Sled Dog"
"130",NA,374,0,"","Beach Lake Sled Dog"
"131",NA,376,0,"","Beach Lake Sled Dog"
"132",NA,377,0,"","Beach Lake Sled Dog"
"133",NA,378,0,"","Beach Lake Sled Dog"
"134",NA,379,0,"","Beach Lake Sled Dog"
"135",NA,380,0,"","Beach Lake Sled Dog"
"136",NA,381,0,"","Beach Lake Sled Dog"
"137",NA,382,0,"","Beach Lake Sled Dog"
"138",NA,383,0,"","Beach Lake Sled Dog"
"139",NA,384,0,"","Beach Lake Sled Dog"
"140",NA,385,0,"","Beach Lake Sled Dog"
"141",NA,386,0,"","Beach Lake Sled Dog"
"142",NA,387,0,"","Beach Lake Sled Dog"
"143",NA,388,0,"","Beach Lake Sled Dog"
"144",NA,389,0,"","Beach Lake Sled Dog"
"145",NA,390,0,"","Beach Lake Sled Dog"
"146",NA,391,0,"","Beach Lake Sled Dog"
"147","Unnamed",407,496,"",NA
"148","Unnamed",409,1592,"",NA
"149","Unnamed",419,1553,"",NA
"150","Unnamed",425,1560,"",NA
"151","Unnamed",436,155,"",NA
"152","Unnamed",439,158,"",NA
"153","Unnamed",441,3625,"",NA
"154","Unnamed",442,482,"",NA
"155","Unnamed",445,1605,"",NA
"156","Unnamed",446,4468,"",NA
"157","Unnamed",460,1604,"",NA
"158","Unnamed",464,4776,"",NA
"159","Unnamed",479,1049,"","Russian Jack Ski Trails"
"160","Unnamed",488,1553,"",NA
"161","Unnamed",491,1559,"",NA
"162","Unnamed",497,1613,"",NA
"163","Unnamed",503,1557,"",NA
"164","Unnamed",506,3969,"",NA
"165","Unnamed",519,1599,"",NA
"166","Unnamed",523,1609,"",NA
"167","Unnamed",529,1439,"",NA
"168","Unnamed",532,4404,"",NA
"169","Unnamed",533,540,"",NA
"170","Unnamed",541,3941,"",NA
"171","Unnamed",547,1057,"",NA
"172","Unnamed",569,3322,"",NA
"173","Unnamed",596,4006,"",NA
"174","Unnamed",597,4007,"",NA
"175",NA,616,4037,"",NA
"176","Unnamed",633,4752,"",NA
"177","Unnamed",645,590,"",NA
"178","Unnamed",646,1438,"",NA
"179","Unnamed",648,1508,"",NA
"180","Unnamed",649,766,"",NA
"181","Unnamed",656,3953,"",NA
"182","Unnamed",657,4656,"",NA
"183","Unnamed",659,1537,"",NA
"184","Unnamed",663,3941,"",NA
"185","Unnamed",669,1036,"",NA
"186","Unnamed",684,1603,"",NA
"187","Unnamed",688,4414,"",NA
"188","Unnamed",709,1078,"",NA
"189","Unnamed",711,1233,"",NA
"190","Unnamed",726,3686,"",NA
"191","Unnamed",729,3736,"",NA
"192","Unnamed",745,3118,"","Campbell Creek Trail"
"193","Unnamed",754,2139,"",NA
"194","Unnamed",767,1416,"",NA
"195","Unnamed",802,1551,"",NA
"196","Unnamed",805,1080,"",NA
"197","Unnamed",807,792,"",NA
"198","Unnamed",810,1513,"",NA
"199","Unnamed",814,4530,"",NA
"200","Unnamed",818,4287,"",NA
"201","Unnamed",820,1612,"",NA
"202","Unnamed",824,4701,"",NA
"203","Unnamed",863,3682,"",NA
"204","Unnamed",885,3952,"",NA
"205","Unnamed",886,3702,"",NA
"206","Unnamed",898,2219,"",NA
"207","Unnamed",899,3444,"","Kincaid Other Trails"
"208","Unnamed",900,175,"",NA
"209","Unnamed",901,3779,"","Ruth Arcand Trails"
"210","Unnamed",902,3363,"",NA
"211","Unnamed",903,907,"",NA
"212","Unnamed",904,181,"","Russian Jack Ski Trails"
"213","Unnamed",905,1688,"","Kincaid Other Trails"
"214","Unnamed",906,3676,"",NA
"215","Unnamed",907,824,"","Russian Jack Ski Trails"
"216","Unnamed",908,1205,"",NA
"217","Unnamed",909,3819,"","Ruth Arcand Trails"
"218","Unnamed",910,2980,"",NA
"219","Unnamed",911,548,"",NA
"220","Unnamed",912,692,"","Russian Jack Ski Trails"
"221","Unnamed",913,4490,"",NA
"222","Unnamed",915,1061,"",NA
"223","Unnamed",917,2489,"",NA
"224","Unnamed",918,2248,"",NA
"225","Unnamed",938,4547,"",NA
"226","Unnamed",939,168,"",NA
"227","Unnamed",940,223,"","Beech Lake Ski Trails"
"228","Unnamed",941,3656,"",NA
"229","Unnamed",942,3083,"","Kincaid Other Trails"
"230","Unnamed",943,2611,"",NA
"231","Unnamed",945,2330,"",NA
"232",NA,949,4728,"",NA
"233","Unnamed",955,4488,"",NA
"234","Unnamed",960,4004,"",NA
"235","Unnamed",987,1919,"",NA
"236","Unnamed",1006,4638,"",NA
"237","Unnamed",1007,675,"","Russian Jack Ski Trails"
"238","Unnamed",1008,2702,"",NA
"239","Unnamed",1009,2501,"",NA
"240","Unnamed",1010,4483,"",NA
"241","Unnamed",1011,1419,"",NA
"242","Unnamed",1012,3713,"",NA
"243","Unnamed",1013,801,"","Russian Jack Ski Trails"
"244","Unnamed",1014,4679,"",NA
"245","Unnamed",1016,898,"","Russian Jack Ski Trails"
"246","Unnamed",1017,1004,"","Russian Jack Ski Trails"
"247","Unnamed",1018,3264,"",NA
"248","Unnamed",1020,3124,"","Kincaid Other Trails"
"249","Unnamed",1021,4512,"","Kincaid Other Trails"
"250","Unnamed",1023,4655,"",NA
"251","Unnamed",1044,4096,"",NA
"252","Unnamed",1051,681,"",NA
"253","Unnamed",1053,3212,"",NA
"254","Unnamed",1054,1415,"",NA
"255","Unnamed",1055,2913,"","Kincaid Other Trails"
"256","Unnamed",1057,962,"","Russian Jack Ski Trails"
"257","Unnamed",1058,4716,"",NA
"258","Unnamed",1059,2192,"",NA
"259","Unnamed",1060,4083,"",NA
"260","Unnamed",1061,240,"","Beech Lake Ski Trails"
"261","Unnamed",1062,4780,"",NA
"262","Unnamed",1063,1394,"",NA
"263","Unnamed",1064,4159,"",NA
"264","Unnamed",1065,273,"","Beech Lake Ski Trails"
"265","Unnamed",1070,4997,"","Connors Bog Skijor"
"266","Unnamed",1071,861,"","Russian Jack Ski Trails"
"267","Unnamed",1072,4761,"",NA
"268","Unnamed",1073,5000,"","Connors Bog Skijor"
"269","Unnamed",1074,3944,"",NA
"270","Unnamed",1076,2549,"",NA
"271","Unnamed",1077,3116,"","Kincaid Other Trails"
"272","Unnamed",1078,3784,"","Ruth Arcand Trails"
"273","Unnamed",1079,2911,"",NA
"274","Unnamed",1094,4460,"",NA
"275","Unnamed",1101,373,"",NA
"276","Unnamed",1111,654,"",NA
"277","Unnamed",1112,818,"",NA
"278","Unnamed",1113,2463,"",NA
"279","Unnamed",1114,1722,"",NA
"280","Unnamed",1115,4676,"",NA
"281","Unnamed",1116,2472,"",NA
"282","Unnamed",1128,1442,"",NA
"283","Unnamed",1129,4636,"",NA
"284","Unnamed",1131,2577,"",NA
"285","Unnamed",1132,3684,"",NA
"286","Unnamed",1134,2903,"","Kincaid Other Trails"
"287","Unnamed",1135,3369,"","Kincaid Other Trails"
"288","Unnamed",1136,167,"",NA
"289","Unnamed",1137,4599,"",NA
"290","Unnamed",1138,1924,"",NA
"291","Unnamed",1139,952,"",NA
"292","Unnamed",1140,628,"",NA
"293","Unnamed",1141,2329,"",NA
"294","Unnamed",1142,4610,"",NA
"295","Unnamed",1144,960,"",NA
"296","Unnamed",1150,4379,"",NA
"297","Unnamed",1153,2750,"","Kincaid Other Trails"
"298","Unnamed",1154,2334,"",NA
"299","Unnamed",1155,568,"",NA
"300","Unnamed",1165,2470,"",NA
"301","Unnamed",1166,1169,"",NA
"302","Unnamed",1167,26,"",NA
"303","Unnamed",1168,2333,"",NA
"304","Unnamed",1169,3227,"",NA
"305","Unnamed",1170,3690,"",NA
"306","Unnamed",1171,164,"","Russian Jack Ski Trails"
"307","Unnamed",1173,132,"","Beech Lake Ski Trails"
"308","Unnamed",1174,261,"","Beech Lake Ski Trails"
"309","Unnamed",1175,2993,"",NA
"310","Unnamed",1176,783,"","Russian Jack Ski Trails"
"311","Unnamed",1177,1113,"",NA
"312","Unnamed",1178,718,"",NA
"313","Unnamed",1179,1704,"",NA
"314","Unnamed",1181,149,"",NA
"315","Unnamed",1195,4954,"","Connors Bog Skijor"
"316","Unnamed",1196,1298,"",NA
"317","Unnamed",1197,4440,"",NA
"318","Unnamed",1198,1432,"",NA
"319","Unnamed",1200,2685,"",NA
"320","Unnamed",1201,1892,"",NA
"321","Unnamed",1202,810,"",NA
"322","Unnamed",1203,2779,"",NA
"323","Unnamed",1204,2305,"",NA
"324","Unnamed",1205,2497,"","Campbell Creek Trail"
"325","Unnamed",1206,637,"",NA
"326","Unnamed",1207,4444,"",NA
"327","Unnamed",1209,2694,"",NA
"328","Unnamed",1210,3245,"",NA
"329","Unnamed",1212,4450,"","Beech Lake Ski Trails"
"330","Unnamed",1213,1274,"",NA
"331","Unnamed",1214,4597,"",NA
"332","Unnamed",1215,474,"",NA
"333","Unnamed",1216,2615,"",NA
"334","Unnamed",1217,774,"",NA
"335","Unnamed",1235,3370,"","Kincaid Other Trails"
"336","Unnamed",1236,3888,"",NA
"337","Unnamed",1238,3025,"","Coastal Trail"
"338","Unnamed",1239,2751,"",NA
"339","Unnamed",1240,2240,"",NA
"340","Unnamed",1241,538,"",NA
"341","Unnamed",1242,1838,"",NA
"342","Unnamed",1243,1927,"",NA
"343","Unnamed",1244,1949,"",NA
"344","Unnamed",1245,3131,"","Kincaid Other Trails"
"345","Unnamed",1246,2153,"","Kincaid Other Trails"
"346","Unnamed",1247,1702,"",NA
"347","Unnamed",1248,107,"","Beech Lake Ski Trails"
"348","Unnamed",1249,2951,"",NA
"349","Unnamed",1250,2580,"",NA
"350","Unnamed",1251,4471,"",NA
"351","Unnamed",1252,3054,"","Kincaid Other Trails"
"352","Unnamed",1254,2715,"",NA
"353","Unnamed",1277,1763,"",NA
"354","Unnamed",1278,2105,"",NA
"355","Unnamed",1279,502,"","Russian Jack Ski Trails"
"356","Unnamed",1280,2968,"","Kincaid Other Trails"
"357","Unnamed",1281,1072,"",NA
"358","Unnamed",1283,978,"",NA
"359","Unnamed",1286,3849,"","Ruth Arcand Trails"
"360","Unnamed",1287,86,"","Beech Lake Ski Trails"
"361","Unnamed",1288,684,"",NA
"362","Unnamed",1289,967,"",NA
"363","Unnamed",1290,1339,"",NA
"364","Unnamed",1291,5010,"","Connors Bog Skijor"
"365","Unnamed",1292,4081,"",NA
"366","Unnamed",1293,4609,"",NA
"367","Unnamed",1294,4494,"",NA
"368","Unnamed",1296,458,"",NA
"369","Unnamed",1297,507,"",NA
"370","Unnamed",1298,3183,"",NA
"371","Unnamed",1299,701,"","Russian Jack Ski Trails"
"372","Unnamed",1300,4633,"",NA
"373","Unnamed",1301,1231,"",NA
"374","Unnamed",1302,2624,"","Kincaid Other Trails"
"375","Unnamed",1303,655,"","Russian Jack Ski Trails"
"376","Unnamed",1311,3797,"","Ruth Arcand Trails"
"377","Unnamed",1312,880,"","Russian Jack Ski Trails"
"378","Unnamed",1313,3744,"","Ruth Arcand Trails"
"379","Unnamed",1315,4605,"","Connors Bog Skijor"
"380","Unnamed",1316,4413,"",NA
"381","Unnamed",1317,1703,"",NA
"382","Unnamed",1318,556,"",NA
"383","Unnamed",1319,4992,"","Connors Bog Skijor"
"384","Unnamed",1320,349,"",NA
"385","Unnamed",1321,623,"",NA
"386","Unnamed",1325,1335,"",NA
"387","Unnamed",1326,1782,"",NA
"388","Unnamed",1327,2924,"",NA
"389","Unnamed",1328,1918,"",NA
"390","Unnamed",1330,4348,"",NA
"391","Unnamed",1338,1365,"",NA
"392","Unnamed",1339,2217,"",NA
"393","Unnamed",1340,2269,"",NA
"394","Unnamed",1341,3585,"",NA
"395","Unnamed",1342,1368,"",NA
"396","Unnamed",1343,1460,"",NA
"397","Unnamed",1344,1410,"",NA
"398","Unnamed",1345,4486,"","Kincaid Other Trails"
"399","Unnamed",1346,910,"","Russian Jack Ski Trails"
"400","Unnamed",1347,2009,"",NA
"401","Unnamed",1348,2328,"",NA
"402","Unnamed",1349,883,"","Russian Jack Ski Trails"
"403","Unnamed",1350,678,"","Russian Jack Ski Trails"
"404","Unnamed",1351,123,"","Beech Lake Ski Trails"
"405","Unnamed",1353,849,"","Russian Jack Ski Trails"
"406","Unnamed",1354,1045,"",NA
"407","Unnamed",1355,627,"",NA
"408","Unnamed",1356,280,"","Beech Lake Ski Trails"
"409","Unnamed",1357,2698,"","Kincaid Other Trails"
"410","Unnamed",1363,911,"","Russian Jack Ski Trails"
"411","Unnamed",1365,905,"",NA
"412","Unnamed",1366,4300,"",NA
"413","Unnamed",1367,1391,"",NA
"414","Unnamed",1384,3735,"","Ruth Arcand Trails"
"415","Unnamed",1385,917,"","Russian Jack Ski Trails"
"416","Unnamed",1386,4998,"","Connors Bog Skijor"
"417","Unnamed",1387,3741,"","Ruth Arcand Trails"
"418","Unnamed",1388,3300,"",NA
"419","Unnamed",1391,3699,"",NA
"420","Unnamed",1393,4666,"",NA
"421","Unnamed",1410,3985,"",NA
"422","Unnamed",1411,3362,"","Kincaid Other Trails"
"423","Unnamed",1412,1857,"",NA
"424","Unnamed",1413,3869,"","Ruth Arcand Trails"
"425","Unnamed",1414,4824,"",NA
"426","Unnamed",1415,904,"",NA
"427","Unnamed",1417,3429,"",NA
"428","Unnamed",1418,3095,"",NA
"429","Unnamed",1419,553,"",NA
"430","Unnamed",1425,3773,"","Ruth Arcand Trails"
"431","Unnamed",1427,4700,"",NA
"432","Unnamed",1428,1108,"",NA
"433","Unnamed",1429,914,"",NA
"434","Unnamed",1430,153,"",NA
"435","Unnamed",1431,3608,"",NA
"436","Unnamed",1432,577,"",NA
"437","Unnamed",1433,3856,"","Ruth Arcand Trails"
"438","Unnamed",1434,617,"",NA
"439","Unnamed",1435,2341,"",NA
"440","Unnamed",1436,487,"",NA
"441","Unnamed",1437,366,"","Centennial Park Trails"
"442","Unnamed",1438,3794,"","Ruth Arcand Trails"
"443","Unnamed",1439,1051,"","Russian Jack Ski Trails"
"444","Unnamed",1440,838,"",NA
"445","Unnamed",1441,1073,"",NA
"446","Unnamed",1442,943,"",NA
"447","Unnamed",1443,4687,"",NA
"448","Unnamed",1444,638,"","Russian Jack Ski Trails"
"449","Unnamed",1445,1615,"",NA
"450","Unnamed",1446,2075,"",NA
"451","Unnamed",1447,1690,"","Kincaid Other Trails"
"452","Unnamed",1448,3859,"","Ruth Arcand Trails"
"453","Unnamed",1449,2468,"",NA
"454","Unnamed",1468,3879,"","Ruth Arcand Trails"
"455","Unnamed",1469,4462,"",NA
"456","Unnamed",1470,4973,"","Connors Bog Skijor"
"457","Unnamed",1471,846,"","Russian Jack Ski Trails"
"458","Unnamed",1472,4769,"","Kincaid Other Trails"
"459","Unnamed",1473,4739,"",NA
"460","Unnamed",1478,2273,"",NA
"461","Unnamed",1479,4505,"",NA
"462","Unnamed",1480,1810,"",NA
"463","Unnamed",1481,4698,"",NA
"464","Unnamed",1483,2356,"",NA
"465","Unnamed",1484,1220,"",NA
"466","Unnamed",1489,438,"",NA
"467",NA,1513,1799,"",NA
"468","Unnamed",1518,3808,"","Ruth Arcand Trails"
"469","Unnamed",1535,2404,"",NA
"470","Unnamed",1536,641,"","Russian Jack Ski Trails"
"471","Unnamed",1537,4821,"",NA
"472","Unnamed",1538,4343,"",NA
"473","Unnamed",1539,1393,"",NA
"474","Unnamed",1540,3961,"",NA
"475","Unnamed",1541,2803,"","Kincaid Other Trails"
"476","Unnamed",1542,4441,"",NA
"477","Unnamed",1543,2451,"",NA
"478","Unnamed",1544,926,"","Russian Jack Ski Trails"
"479","Unnamed",1546,138,"","Beech Lake Ski Trails"
"480","Unnamed",1547,4397,"",NA
"481","Unnamed",1548,4421,"",NA
"482","Unnamed",1549,4782,"",NA
"483","Unnamed",1550,1717,"",NA
"484","Unnamed",1551,2682,"",NA
"485","Unnamed",1574,1698,"",NA
"486","Unnamed",1575,191,"","Russian Jack Ski Trails"
"487","Unnamed",1576,2564,"",NA
"488","Unnamed",1577,3133,"","Kincaid Other Trails"
"489","Unnamed",1578,4422,"",NA
"490","Unnamed",1579,4078,"",NA
"491","Unnamed",1580,1819,"",NA
"492","Unnamed",1581,3119,"","Kincaid Ski Trails"
"493","Unnamed",1582,1317,"",NA
"494","Unnamed",1583,102,"","Beech Lake Ski Trails"
"495","Unnamed",1585,4577,"",NA
"496","Unnamed",1586,1382,"",NA
"497","Unnamed",1587,3624,"",NA
"498","Unnamed",1605,1861,"",NA
"499","Unnamed",1606,965,"",NA
"500","Unnamed",1609,2500,"",NA
"501","Unnamed",1610,630,"",NA
"502","Unnamed",1611,629,"",NA
"503","Unnamed",1612,4758,"",NA
"504","Unnamed",1613,4420,"",NA
"505","Unnamed",1614,4681,"",NA
"506","Unnamed",1615,3092,"",NA
"507","Unnamed",1616,1823,"",NA
"508","Unnamed",1620,3678,"",NA
"509",NA,1631,-6,"",NA
"510","Unnamed",1632,4365,"","Kincaid Ski Trails"
"511","Unnamed",1643,4005,"",NA
"512","Unnamed",1651,2996,"","Coastal Trail"
"513","Unnamed",1675,812,"","Russian Jack Ski Trails"
"514","Unnamed",1676,586,"",NA
"515","Unnamed",1688,688,"","Russian Jack Ski Trails"
"516","Unnamed",1694,4777,"",NA
"517","Unnamed",1695,1204,"","Tour of Anchorage"
"518","Unnamed",1696,4181,"",NA
"519","Unnamed",1697,3350,"",NA
"520","Unnamed",1698,632,"",NA
"521","Unnamed",1699,1413,"",NA
"522","Unnamed",1700,4813,"",NA
"523","Unnamed",1701,174,"",NA
"524","Unnamed",1702,2812,"","Kincaid Other Trails"
"525","Unnamed",1703,4634,"","Kincaid Other Trails"
"526","Unnamed",1704,1682,"","Kincaid Other Trails"
"527","Unnamed",1705,841,"",NA
"528","Unnamed",1706,1946,"",NA
"529","Unnamed",1707,4342,"",NA
"530","Unnamed",1708,2263,"",NA
"531","Unnamed",1716,860,"",NA
"532","Unnamed",1718,550,"",NA
"533","Unnamed",1720,4672,"","Russian Jack Ski Trails"
"534","Unnamed",1721,3903,"","Ruth Arcand Trails"
"535","Unnamed",1722,4702,"",NA
"536","Unnamed",1723,948,"",NA
"537","Unnamed",1724,3339,"",NA
"538","Unnamed",1725,2926,"","Kincaid Other Trails"
"539","Unnamed",1727,4279,"",NA
"540","Unnamed",1728,816,"","Russian Jack Ski Trails"
"541","Unnamed",1729,1326,"",NA
"542","Unnamed",1730,1899,"",NA
"543","Unnamed",1731,813,"","Russian Jack Ski Trails"
"544","Unnamed",1732,3867,"","Ruth Arcand Trails"
"545","Unnamed",1733,918,"","Russian Jack Ski Trails"
"546","Unnamed",1734,2418,"",NA
"547","Unnamed",1736,3873,"","Ruth Arcand Trails"
"548","Unnamed",1737,4827,"",NA
"549","Unnamed",1738,1071,"",NA
"550","Unnamed",1739,4730,"",NA
"551","Unnamed",1740,2964,"",NA
"552","Unnamed",1741,3852,"","Ruth Arcand Trails"
"553","Unnamed",1742,2434,"",NA
"554","Unnamed",1743,4607,"",NA
"555","Unnamed",1744,1013,"",NA
"556","Unnamed",1745,3614,"",NA
"557","Unnamed",1747,4589,"","Beech Lake Ski Trails"
"558","Unnamed",1748,1817,"",NA
"559","Unnamed",1749,624,"",NA
"560","Unnamed",1750,1463,"",NA
"561","Unnamed",1751,2710,"",NA
"562","Unnamed",1752,4308,"",NA
"563","Unnamed",1753,1494,"",NA
"564","Unnamed",1760,210,"",NA
"565","Unnamed",1761,3640,"",NA
"566","Unnamed",1762,2661,"",NA
"567","Unnamed",1763,657,"",NA
"568","Unnamed",1765,3871,"","Ruth Arcand Trails"
"569","Unnamed",1766,1336,"",NA
"570","Unnamed",1767,145,"","Beech Lake Ski Trails"
"571","Unnamed",1768,3858,"","Ruth Arcand Trails"
"572","Unnamed",1769,325,"",NA
"573","Unnamed",1770,520,"",NA
"574","Unnamed",1771,3171,"","Kincaid Ski Trails"
"575","Unnamed",1772,1018,"",NA
"576","Unnamed",1774,1028,"","Russian Jack Ski Trails"
"577","Unnamed",1775,4613,"","Connors Bog Skijor"
"578","Unnamed",1776,4609,"","Connors Bog Skijor"
"579","Unnamed",1777,780,"",NA
"580","Unnamed",1778,603,"",NA
"581","Unnamed",1779,3203,"","Kincaid Ski Trails"
"582","Unnamed",1781,2886,"","Kincaid Other Trails"
"583","Unnamed",1782,3383,"",NA
"584","Unnamed",1783,3629,"",NA
"585","Unnamed",1798,1542,"",NA
"586","Unnamed",1799,4956,"","Connors Bog Skijor"
"587","Unnamed",1816,159,"","Russian Jack Ski Trails"
"588","Unnamed",1817,3210,"",NA
"589","Unnamed",1819,958,"","Russian Jack Ski Trails"
"590","Unnamed",1820,229,"","Beech Lake Ski Trails"
"591","Unnamed",1821,764,"","Russian Jack Ski Trails"
"592","Unnamed",1822,2102,"",NA
"593","Unnamed",1823,2455,"","Kincaid Other Trails"
"594","Unnamed",1824,3065,"",NA
"595","Unnamed",1825,589,"",NA
"596","Unnamed",1840,587,"",NA
"597","Unnamed",1929,580,"",NA
"598","Unnamed",1930,2408,"",NA
"599","Unnamed",1931,4082,"",NA
"600","Unnamed",2043,4805,"",NA
"601",NA,2062,0,"",NA
"602",NA,2064,0,"",NA
"603","Unnamed",2065,4407,"",NA
"604","Unnamed",2068,4647,"",NA
"605","Unnamed",2069,4456,"",NA
"606","Unnamed",2073,4719,"",NA
"607","Unnamed",2075,4276,"",NA
"608","Unnamed",2076,4282,"",NA
"609","Unnamed",2080,4273,"",NA
"610","Unnamed",2083,4522,"",NA
"611","Unnamed",2084,4391,"",NA
"612","Unnamed",2086,4280,"",NA
"613","Unnamed",2087,4277,"",NA
"614","Unnamed",2089,4269,"",NA
"615","Unnamed",2090,4271,"",NA
"616",NA,2095,0,"",NA
"617",NA,2096,0,"",NA
"618",NA,2097,0,"",NA
"619",NA,2099,0,"",NA
"620",NA,2102,0,"",NA
"621",NA,2103,0,"",NA
"622",NA,2104,0,"",NA
"623",NA,2105,0,"",NA
"624","Unnamed",2108,4714,"",NA
"625","Unnamed",2109,4596,"",NA
"626",NA,2111,0,"","Kincaid Other Trails"
"627","Unnamed",2135,4805,"",NA
"628","Unnamed",2142,786,"",NA
"629","Unnamed",2171,1836,"",NA
"630","Unnamed",2173,134,"","Beech Lake Ski Trails"
"631","Unnamed",2174,3638,"",NA
"632","Unnamed",2175,607,"",NA
"633","Unnamed",2176,2737,"",NA
"634","Unnamed",2177,2705,"",NA
"635","Unnamed",2178,2312,"",NA
"636","Unnamed",2179,1828,"",NA
"637","Unnamed",2180,1307,"",NA
"638","Unnamed",2181,1291,"",NA
"639","Unnamed",2182,844,"","Russian Jack Ski Trails"
"640","Unnamed",2183,4318,"",NA
"641","Unnamed",2184,128,"","Beech Lake Ski Trails"
"642","Unnamed",2192,3000,"",NA
"643","Unnamed",2193,735,"",NA
"644","Unnamed",2194,743,"",NA
"645","Unnamed",2195,2522,"",NA
"646","Unnamed",2197,1629,"",NA
"647","Unnamed",2198,1627,"",NA
"648","Unnamed",2200,4315,"",NA
"649","Unnamed",2206,484,"",NA
"650","Unnamed",2207,3193,"",NA
"651","Unnamed",2208,894,"","Russian Jack Ski Trails"
"652","Unnamed",2319,3826,"","Ruth Arcand Trails"
"653","Unnamed",2320,162,"","Russian Jack Ski Trails"
"654","Unnamed",2321,2213,"",NA
"655","Unnamed",2322,519,"",NA
"656","Unnamed",2324,2649,"",NA
"657","Unnamed",2325,1846,"",NA
"658","Unnamed",2326,1196,"","Coastal Trail"
"659","Unnamed",2328,2378,"",NA
"660","Unnamed",2329,2323,"",NA
"661","Unnamed",2330,483,"",NA
"662","Unnamed",2331,3719,"",NA
"663","Unnamed",2332,1712,"",NA
"664","Unnamed",2333,3841,"","Ruth Arcand Trails"
"665",NA,2399,4020,"",NA
"666","Unnamed",2404,4488,"",NA
"667",NA,2405,0,"",NA
"668","Unnamed",2410,3737,"",NA
"669","Unnamed",2493,3578,"",NA
"670","Unnamed",2497,3537,"","Hillside Ski Trails"
"671","Unnamed",2498,3603,"",NA
"672","Unnamed",2501,4581,"",NA
"673","Unnamed",2502,3588,"",NA
"674","Unnamed",2503,3569,"","Hillside Ski Trails"
"675","Unnamed",2504,3616,"",NA
"676","Unnamed",2506,3541,"",NA
"677","Unnamed",2507,3539,"",NA
"678","Unnamed",2519,4274,"",NA
"679","Unnamed",2520,4275,"",NA
"680","Unnamed",2530,4272,"",NA
"681","Unnamed",2531,4333,"",NA
"682","Unnamed",2532,4270,"",NA
"683","Unnamed",2533,4278,"",NA
"684","Unnamed",2534,1,"",NA
"685","Unnamed",2536,4332,"",NA
"686","Unnamed",2538,4682,"",NA
"687",NA,2539,0,"","Kincaid Other Trails"
"688",NA,2541,0,"",NA
"689",NA,2544,0,"",NA
"690",NA,2545,0,"",NA
"691",NA,2547,0,"",NA
"692",NA,2548,0,"",NA
"693",NA,2549,0,"",NA
"694",NA,2550,0,"",NA
"695",NA,2551,0,"",NA
"696",NA,2552,0,"",NA
"697",NA,2553,0,"",NA
"698",NA,2557,0,"",NA
"699","Unnamed",2569,4281,"",NA
"700","Unnamed",2572,0,"",NA
"701",NA,2573,0,"",NA
"702",NA,2576,0,"",NA
"703",NA,2577,0,"",NA
"704",NA,2578,0,"",NA
"705","Unnamed",2579,0,"",NA
"706",NA,2580,0,"",NA
"707",NA,2581,0,"",NA
"708",NA,2582,0,"",NA
"709","Unnamed",2591,4789,"",NA
"710","Unnamed",2636,3621,"",NA
"711","Unnamed",2641,3725,"",NA
"712","Unnamed",2648,3661,"","Abbott Trail"
"713","Unnamed",2653,3601,"",NA
"714","Unnamed",2655,3540,"",NA
"715","Unnamed",2670,3710,"","Abbott Trail"
"716","Unnamed",2673,3547,"",NA
"717","Unnamed",2674,29,"","Mirror Lake Ski Trails"
"718",NA,2685,0,"","Beach Lake Sled Dog"
"719","Unnamed",2696,2769,"","Kincaid Other Trails"
"720","Unnamed",2697,842,"",NA
"721","Unnamed",2698,2436,"",NA
"722","Unnamed",2699,2476,"","Kincaid Other Trails"
"723","Unnamed",2700,2916,"",NA
"724","Unnamed",2701,3371,"","Kincaid Other Trails"
"725","Unnamed",2702,2684,"",NA
"726","Unnamed",2703,815,"","Russian Jack Ski Trails"
"727","Unnamed",2704,3393,"","Kincaid Other Trails"
"728","Unnamed",2705,2207,"",NA
"729","Unnamed",2706,620,"",NA
"730","Unnamed",2707,3653,"",NA
"731","Unnamed",2708,833,"",NA
"732","Unnamed",2709,2326,"",NA
"733","Unnamed",2715,1417,"",NA
"734","Unnamed",2716,979,"",NA
"735","Unnamed",2724,462,"",NA
"736","Unnamed",2725,1943,"",NA
"737","Unnamed",2726,957,"","Russian Jack Ski Trails"
"738","Unnamed",2727,4386,"",NA
"739","Unnamed",2729,571,"",NA
"740","Unnamed",2730,3214,"",NA
"741","Unnamed",2731,769,"",NA
"742","Unnamed",2732,265,"","Beech Lake Ski Trails"
"743","Unnamed",2733,4670,"","Kincaid Other Trails"
"744","Unnamed",2734,569,"",NA
"745","Unnamed",2735,4392,"",NA
"746","Unnamed",2736,1718,"",NA
"747","Unnamed",2737,471,"",NA
"748","Unnamed",2739,2108,"",NA
"749","Unnamed",2740,4799,"","Russian Jack Ski Trails"
"750","Unnamed",2741,866,"","Russian Jack Ski Trails"
"751","Unnamed",2742,3263,"","Kincaid Ski Trails"
"752","Unnamed",2745,570,"",NA
"753","Unnamed",2748,2614,"",NA
"754","Unnamed",2750,2304,"",NA
"755","Unnamed",2751,3099,"",NA
"756","Unnamed",2752,840,"",NA
"757","Unnamed",2755,931,"","Russian Jack Ski Trails"
"758","Unnamed",2756,4999,"","Connors Bog Skijor"
"759","Unnamed",2757,1333,"",NA
"760","Unnamed",2758,763,"","Russian Jack Ski Trails"
"761","Unnamed",2759,129,"","Beech Lake Ski Trails"
"762","Unnamed",2760,3196,"",NA
"763","Unnamed",2761,3458,"",NA
"764","Unnamed",2763,1839,"",NA
"765","Unnamed",2764,3771,"","Ruth Arcand Trails"
"766","Unnamed",2765,3894,"","Ruth Arcand Trails"
"767","Unnamed",2766,639,"",NA
"768","Unnamed",2767,3800,"","Ruth Arcand Trails"
"769","Unnamed",2768,3594,"",NA
"770","Unnamed",2769,634,"",NA
"771","Unnamed",2770,3817,"","Ruth Arcand Trails"
"772","Unnamed",2771,1193,"",NA
"773","Unnamed",2772,4769,"","Kincaid Other Trails"
"774","Unnamed",2773,706,"",NA
"775","Unnamed",2774,2546,"",NA
"776","Unnamed",2775,449,"",NA
"777","Unnamed",2776,4415,"",NA
"778","Unnamed",2777,3767,"","Ruth Arcand Trails"
"779","Unnamed",2778,364,"",NA
"780","Unnamed",2779,807,"",NA
"781","Unnamed",2780,3269,"","Kincaid Ski Trails"
"782","Unnamed",2781,3318,"",NA
"783","Unnamed",2783,2870,"","Kincaid Other Trails"
"784","Unnamed",2784,3036,"","Kincaid Ski Trails"
"785","Unnamed",2785,291,"",NA
"786","Unnamed",2786,2193,"",NA
"787","Unnamed",2787,2696,"",NA
"788","Unnamed",2788,1316,"",NA
"789","Unnamed",2789,873,"",NA
"790","Unnamed",2791,1594,"",NA
"791","Unnamed",2792,2642,"",NA
"792","Unnamed",2803,4828,"",NA
"793","Unnamed",2804,4989,"","Connors Bog Skijor"
"794","Unnamed",2806,2348,"",NA
"795","Unnamed",2807,3142,"","Kincaid Other Trails"
"796","Unnamed",2808,2450,"",NA
"797","Unnamed",2809,828,"",NA
"798","Unnamed",2811,2909,"","Kincaid Other Trails"
"799","Unnamed",2812,2507,"",NA
"800","Unnamed",2813,856,"",NA
"801","Unnamed",2815,116,"","Beech Lake Ski Trails"
"802","Unnamed",2816,939,"","Russian Jack Ski Trails"
"803","Unnamed",2817,4606,"","Connors Bog Skijor"
"804","Unnamed",2818,3835,"","Ruth Arcand Trails"
"805","Unnamed",2820,4684,"",NA
"806","Unnamed",2821,1351,"",NA
"807","Unnamed",2822,1444,"",NA
"808","Unnamed",2823,2965,"",NA
"809","Unnamed",2824,4388,"",NA
"810","Unnamed",2825,104,"","Beech Lake Ski Trails"
"811","Unnamed",2826,2232,"",NA
"812","Unnamed",2827,255,"","Beech Lake Ski Trails"
"813","Unnamed",2829,2361,"",NA
"814","Unnamed",2830,3482,"",NA
"815","Unnamed",2831,788,"","Russian Jack Ski Trails"
"816","Unnamed",2832,1352,"",NA
"817","Unnamed",2834,676,"",NA
"818","Unnamed",2836,2446,"",NA
"819","Unnamed",2838,1395,"",NA
"820","Unnamed",2839,1288,"",NA
"821","Unnamed",2840,703,"",NA
"822","Unnamed",2841,1046,"","Russian Jack Ski Trails"
"823","Unnamed",2842,3387,"","Kincaid Other Trails"
"824","Unnamed",2843,582,"",NA
"825","Unnamed",2844,3964,"","Kincaid Other Trails"
"826","Unnamed",2845,2117,"",NA
"827","Unnamed",2846,2618,"","Kincaid Other Trails"
"828","Unnamed",2847,739,"","Russian Jack Ski Trails"
"829","Unnamed",2848,244,"","Beech Lake Ski Trails"
"830","Unnamed",2849,4658,"","Kincaid Other Trails"
"831","Unnamed",2850,1133,"",NA
"832","Unnamed",2851,1038,"",NA
"833","Unnamed",2852,106,"","Beech Lake Ski Trails"
"834","Unnamed",2853,741,"",NA
"835","Unnamed",2854,1580,"",NA
"836","Unnamed",2855,991,"","Russian Jack Ski Trails"
"837","Unnamed",2856,975,"","Russian Jack Ski Trails"
"838","Unnamed",2857,1556,"",NA
"839","Unnamed",2858,821,"",NA
"840","Unnamed",2859,749,"","Russian Jack Ski Trails"
"841","Unnamed",2860,4540,"",NA
"842","Unnamed",2862,4624,"",NA
"843","Unnamed",2863,263,"","Beech Lake Ski Trails"
"844","Unnamed",2864,288,"","Beech Lake Ski Trails"
"845","Unnamed",2865,1874,"",NA
"846","Unnamed",2866,909,"",NA
"847","Unnamed",2867,345,"",NA
"848","Unnamed",2868,1476,"",NA
"849","Unnamed",2869,2422,"",NA
"850","Unnamed",2870,4465,"",NA
"851","Unnamed",2871,491,"",NA
"852","Unnamed",2872,285,"","Beech Lake Ski Trails"
"853","Unnamed",2876,1338,"",NA
"854","Unnamed",2877,4227,"",NA
"855","Unnamed",2878,3410,"",NA
"856","Unnamed",2879,4654,"",NA
"857","Unnamed",2880,1029,"","Russian Jack Ski Trails"
"858","Unnamed",2881,1499,"",NA
"859","Unnamed",2882,1664,"",NA
"860","Unnamed",2883,1859,"",NA
"861","Unnamed",2885,1285,"",NA
"862","Unnamed",2890,3815,"","Ruth Arcand Trails"
"863","Unnamed",2891,1796,"",NA
"864","Unnamed",2892,1164,"","Coastal Trail"
"865","Unnamed",2894,984,"",NA
"866","Unnamed",2895,3330,"","Kincaid Other Trails"
"867","Unnamed",2896,3904,"","Ruth Arcand Trails"
"868","Unnamed",2897,2491,"",NA
"869","Unnamed",2898,3272,"","Kincaid Ski Trails"
"870","Unnamed",2899,2768,"",NA
"871","Unnamed",2900,679,"",NA
"872","Unnamed",2901,4491,"",NA
"873","Unnamed",2902,2855,"","Kincaid Other Trails"
"874","Unnamed",2903,585,"",NA
"875","Unnamed",2904,3935,"",NA
"876","Unnamed",2906,724,"","Russian Jack Ski Trails"
"877","Unnamed",2907,3748,"","Ruth Arcand Trails"
"878","Unnamed",2909,2276,"",NA
"879","Unnamed",2910,1459,"",NA
"880","Unnamed",2911,2258,"",NA
"881","Unnamed",2912,565,"",NA
"882","Unnamed",2913,148,"",NA
"883","Unnamed",2914,465,"",NA
"884","Unnamed",2915,3039,"",NA
"885","Unnamed",2916,3810,"","Ruth Arcand Trails"
"886","Unnamed",2917,370,"","Centennial Park Trails"
"887","Unnamed",2918,4602,"","Connors Bog Skijor"
"888","Unnamed",2919,3072,"","Kincaid Ski Trails"
"889","Unnamed",2920,195,"",NA
"890","Unnamed",2921,2331,"",NA
"891","Unnamed",2923,3152,"",NA
"892","Unnamed",2925,4551,"","Beech Lake Ski Trails"
"893","Unnamed",2928,851,"",NA
"894","Unnamed",2929,350,"",NA
"895","Unnamed",2931,4112,"",NA
"896","Unnamed",2932,1371,"",NA
"897","Unnamed",2933,4695,"",NA
"898","Unnamed",2934,557,"",NA
"899","Unnamed",2935,727,"",NA
"900","Unnamed",2936,2336,"",NA
"901","Unnamed",2938,845,"",NA
"902","Unnamed",2940,2506,"",NA
"903","Unnamed",2941,1691,"","Kincaid Other Trails"
"904","Unnamed",2942,1069,"",NA
"905","Unnamed",2943,3230,"",NA
"906","Unnamed",2944,1407,"",NA
"907","Unnamed",2946,3757,"","Ruth Arcand Trails"
"908","Unnamed",2947,3833,"","Ruth Arcand Trails"
"909","Unnamed",2948,4708,"",NA
"910","Unnamed",2949,1310,"","Coastal Trail"
"911","Unnamed",2950,3631,"",NA
"912","Unnamed",2951,2576,"",NA
"913","Unnamed",2952,563,"",NA
"914","Unnamed",2965,2077,"",NA
"915","Unnamed",2966,4075,"",NA
"916","Unnamed",2967,4697,"","Kincaid Other Trails"
"917","Unnamed",2968,2076,"",NA
"918","Unnamed",2969,2973,"","Kincaid Other Trails"
"919","Unnamed",2970,4753,"",NA
"920","Unnamed",2971,525,"",NA
"921","Unnamed",2972,385,"",NA
"922","Unnamed",2973,2971,"",NA
"923","Unnamed",2974,610,"",NA
"924","Unnamed",2975,4344,"","Russian Jack Ski Trails"
"925","Unnamed",2977,558,"",NA
"926","Unnamed",2978,4334,"","Kincaid Other Trails"
"927","Unnamed",2979,3633,"",NA
"928","Unnamed",2980,1564,"",NA
"929","Unnamed",2981,97,"","Beech Lake Ski Trails"
"930","Unnamed",2982,4641,"",NA
"931","Unnamed",2983,1451,"",NA
"932","Unnamed",2985,3912,"","Ruth Arcand Trails"
"933","Unnamed",2986,4519,"",NA
"934","Unnamed",2987,2895,"","Kincaid Other Trails"
"935","Unnamed",2988,3453,"","Kincaid Other Trails"
"936","Unnamed",2989,2095,"",NA
"937","Unnamed",2990,2377,"",NA
"938","Unnamed",2991,1376,"",NA
"939","Unnamed",2992,4644,"",NA
"940","Unnamed",2994,2904,"","Kincaid Other Trails"
"941","Unnamed",2995,3697,"",NA
"942","Unnamed",2996,4302,"",NA
"943","Unnamed",3005,4402,"",NA
"944","Unnamed",3006,1979,"",NA
"945","Unnamed",3007,3609,"",NA
"946","Unnamed",3008,1319,"",NA
"947","Unnamed",3009,3151,"",NA
"948","Unnamed",3010,993,"",NA
"949","Unnamed",3011,3812,"","Ruth Arcand Trails"
"950","Unnamed",3012,2144,"","Kincaid Other Trails"
"951","Unnamed",3013,4814,"",NA
"952","Unnamed",3014,1452,"",NA
"953","Unnamed",3015,2152,"",NA
"954","Unnamed",3016,4618,"",NA
"955","Unnamed",3017,1457,"",NA
"956","Unnamed",3018,779,"",NA
"957","Unnamed",3019,4179,"",NA
"958","Unnamed",3020,3014,"","Coastal Trail"
"959","Unnamed",3021,4387,"",NA
"960","Unnamed",3022,794,"",NA
"961","Unnamed",3023,606,"",NA
"962","Unnamed",3024,1864,"",NA
"963","Unnamed",3025,884,"","Russian Jack Ski Trails"
"964","Unnamed",3026,3466,"",NA
"965","Unnamed",3027,772,"",NA
"966","Unnamed",3028,715,"",NA
"967","Unnamed",3030,47,"",NA
"968","Unnamed",3031,2431,"",NA
"969","Unnamed",3032,906,"",NA
"970","Unnamed",3033,2429,"",NA
"971","Unnamed",3034,1462,"",NA
"972","Unnamed",3040,289,"",NA
"973","Unnamed",3060,1156,"","Coastal Trail"
"974","Unnamed",3061,4537,"",NA
"975","Unnamed",3062,4832,"",NA
"976","Unnamed",3063,2465,"",NA
"977","Unnamed",3064,3265,"",NA
"978","Unnamed",3065,3798,"",NA
"979","Unnamed",3066,687,"","Russian Jack Ski Trails"
"980","Unnamed",3067,2609,"",NA
"981","Unnamed",3068,4178,"",NA
"982","Unnamed",3069,4587,"",NA
"983","Unnamed",3071,1330,"",NA
"984","Unnamed",3072,523,"",NA
"985","Unnamed",3073,1166,"",NA
"986","Unnamed",3075,2929,"","Kincaid Other Trails"
"987","Unnamed",3076,3435,"",NA
"988","Unnamed",3077,4514,"",NA
"989","Unnamed",3078,2039,"",NA
"990","Unnamed",3079,1827,"",NA
"991","Unnamed",3080,3787,"","Ruth Arcand Trails"
"992","Unnamed",3081,1562,"",NA
"993","Unnamed",3082,4820,"",NA
"994","Unnamed",3084,3908,"","Ruth Arcand Trails"
"995","Unnamed",3085,1039,"",NA
"996","Unnamed",3087,2742,"",NA
"997","Unnamed",3088,3734,"",NA
"998","Unnamed",3089,2265,"",NA
"999","Unnamed",3090,3786,"","Ruth Arcand Trails"
"1000","Unnamed",3091,3130,"","Kincaid Ski Trails"
"1001","Unnamed",3092,1275,"",NA
"1002","Unnamed",3093,705,"","Russian Jack Ski Trails"
"1003","Unnamed",3096,371,"","Centennial Park Trails"
"1004","Unnamed",3097,264,"","Beech Lake Ski Trails"
"1005","Unnamed",3098,667,"","Russian Jack Ski Trails"
"1006","Unnamed",3099,488,"",NA
"1007","Unnamed",3100,187,"","Russian Jack Ski Trails"
"1008","Unnamed",3101,3495,"",NA
"1009","Unnamed",3102,3145,"","Kincaid Other Trails"
"1010","Unnamed",3103,3173,"",NA
"1011","Unnamed",3104,1008,"",NA
"1012","Unnamed",3105,3305,"","Kincaid Other Trails"
"1013","Unnamed",3106,473,"",NA
"1014","Unnamed",3107,3246,"",NA
"1015","Unnamed",3109,3644,"",NA
"1016","Unnamed",3110,1035,"",NA
"1017","Unnamed",3111,536,"",NA
"1018","Unnamed",3112,4703,"",NA
"1019","Unnamed",3113,4158,"",NA
"1020","Unnamed",3114,1960,"",NA
"1021","Unnamed",3115,2221,"",NA
"1022","Unnamed",3117,51,"",NA
"1023","Unnamed",3118,969,"","Russian Jack Ski Trails"
"1024","Unnamed",3119,2495,"",NA
"1025","Unnamed",3120,2569,"",NA
"1026","Unnamed",3121,354,"",NA
"1027","Unnamed",3122,3822,"","Ruth Arcand Trails"
"1028","Unnamed",3123,1780,"",NA
"1029","Unnamed",3124,4542,"",NA
"1030","Unnamed",3125,3772,"","Ruth Arcand Trails"
"1031","Unnamed",3126,1762,"",NA
"1032","Unnamed",3127,3958,"",NA
"1033","Unnamed",3128,1620,"",NA
"1034","Unnamed",3129,4487,"",NA
"1035","Unnamed",3131,3213,"",NA
"1036","Unnamed",3132,4822,"",NA
"1037","Unnamed",3133,2481,"","Kincaid Other Trails"
"1038","Unnamed",3134,1964,"",NA
"1039","Unnamed",3137,1820,"",NA
"1040","Unnamed",3148,646,"",NA
"1041","Unnamed",3149,2162,"","Kincaid Other Trails"
"1042","Unnamed",3150,1306,"",NA
"1043","Unnamed",3151,52,"",NA
"1044","Unnamed",3152,4539,"",NA
"1045","Unnamed",3153,2550,"","Kincaid Other Trails"
"1046","Unnamed",3154,1321,"",NA
"1047","Unnamed",3155,1077,"",NA
"1048","Unnamed",3157,283,"","Beech Lake Ski Trails"
"1049","Unnamed",3171,2944,"",NA
"1050","Unnamed",3172,489,"",NA
"1051","Unnamed",3173,3271,"",NA
"1052","Unnamed",3174,1230,"",NA
"1053","Unnamed",3175,2147,"","Kincaid Other Trails"
"1054","Unnamed",3176,1296,"",NA
"1055","Unnamed",3178,2267,"",NA
"1056","Unnamed",3179,1353,"",NA
"1057","Unnamed",3180,103,"","Beech Lake Ski Trails"
"1058","Unnamed",3181,4369,"",NA
"1059","Unnamed",3182,850,"",NA
"1060","Unnamed",3183,4425,"",NA
"1061","Unnamed",3184,1372,"",NA
"1062","Unnamed",3185,4187,"",NA
"1063","Unnamed",3186,4735,"",NA
"1064","Unnamed",3187,1421,"",NA
"1065","Unnamed",3188,659,"",NA
"1066","Unnamed",3189,3463,"",NA
"1067","Unnamed",3190,2748,"","Kincaid Other Trails"
"1068","Unnamed",3192,1229,"",NA
"1069","Unnamed",3200,674,"",NA
"1070","Unnamed",3201,913,"","Russian Jack Ski Trails"
"1071","Unnamed",3202,740,"","Russian Jack Ski Trails"
"1072","Unnamed",3204,955,"",NA
"1073","Unnamed",3206,4394,"",NA
"1074","Unnamed",3207,2881,"","Kincaid Other Trails"
"1075","Unnamed",3208,2953,"","Kincaid Ski Trails"
"1076","Unnamed",3209,1479,"",NA
"1077","Unnamed",3210,1098,"",NA
"1078","Unnamed",3212,3004,"",NA
"1079","Unnamed",3215,2872,"","Kincaid Other Trails"
"1080","Unnamed",3216,767,"","Russian Jack Ski Trails"
"1081","Unnamed",3217,2920,"","Kincaid Other Trails"
"1082","Unnamed",3218,178,"",NA
"1083","Unnamed",3219,485,"",NA
"1084","Unnamed",3220,822,"",NA
"1085","Unnamed",3221,776,"",NA
"1086","Unnamed",3222,2656,"","Kincaid Other Trails"
"1087","Unnamed",3223,1975,"","Kincaid Other Trails"
"1088","Unnamed",3224,1465,"",NA
"1089","Unnamed",3226,799,"","Russian Jack Ski Trails"
"1090","Unnamed",3229,1584,"",NA
"1091","Unnamed",3230,3457,"",NA
"1092","Unnamed",3232,660,"","Russian Jack Ski Trails"
"1093","Unnamed",3239,4713,"",NA
"1094","Unnamed",3240,1374,"",NA
"1095","Unnamed",3242,994,"",NA
"1096","Unnamed",3243,3184,"",NA
"1097","Unnamed",3244,554,"",NA
"1098","Unnamed",3245,1590,"",NA
"1099","Unnamed",3247,2260,"",NA
"1100","Unnamed",3248,3956,"",NA
"1101","Unnamed",3249,1245,"",NA
"1102","Unnamed",3250,2264,"",NA
"1103","Unnamed",3252,4139,"",NA
"1104","Unnamed",3253,4518,"","Girdwood Trails"
"1105","Unnamed",3254,232,"","Beech Lake Ski Trails"
"1106","Unnamed",3255,808,"",NA
"1107","Unnamed",3256,3135,"","Kincaid Ski Trails"
"1108","Unnamed",3259,2616,"","Kincaid Other Trails"
"1109","Unnamed",3260,2448,"",NA
"1110","Unnamed",3261,3247,"","Kincaid Other Trails"
"1111","Unnamed",3262,4640,"",NA
"1112","Unnamed",3263,3479,"","Kincaid Other Trails"
"1113","Unnamed",3264,714,"",NA
"1114","Unnamed",3265,992,"","Russian Jack Ski Trails"
"1115","Unnamed",3266,1320,"",NA
"1116","Unnamed",3267,4085,"",NA
"1117","Unnamed",3268,977,"",NA
"1118","Unnamed",3269,1565,"",NA
"1119","Unnamed",3271,3911,"","Ruth Arcand Trails"
"1120","Unnamed",3272,819,"","Russian Jack Ski Trails"
"1121","Unnamed",3273,2322,"",NA
"1122","Unnamed",3274,2502,"","Kincaid Other Trails"
"1123","Unnamed",3275,4484,"",NA
"1124","Unnamed",3276,4801,"",NA
"1125",NA,3279,4019,"",NA
"1126","Unnamed",3283,2719,"","Kincaid Other Trails"
"1127","Unnamed",3295,376,"",NA
"1128","Unnamed",3299,3828,"","Ruth Arcand Trails"
"1129","Unnamed",3300,3683,"",NA
"1130","Unnamed",3312,233,"","Beech Lake Ski Trails"
"1131","Unnamed",3313,3256,"",NA
"1132","Unnamed",3314,661,"","Russian Jack Ski Trails"
"1133","Unnamed",3315,625,"",NA
"1134","Unnamed",3316,3949,"",NA
"1135","Unnamed",3317,2747,"","Kincaid Other Trails"
"1136","Unnamed",3318,3462,"",NA
"1137","Unnamed",3321,1014,"","Russian Jack Ski Trails"
"1138","Unnamed",3322,2676,"",NA
"1139","Unnamed",3323,475,"",NA
"1140","Unnamed",3324,3864,"","Ruth Arcand Trails"
"1141","Unnamed",3326,805,"",NA
"1142","Unnamed",3327,2675,"",NA
"1143","Unnamed",3329,522,"",NA
"1144","Unnamed",3330,514,"",NA
"1145","Unnamed",3331,2186,"",NA
"1146","Unnamed",3332,2225,"",NA
"1147","Unnamed",3333,1563,"",NA
"1148","Unnamed",3334,612,"",NA
"1149","Unnamed",3335,2343,"",NA
"1150","Unnamed",3336,2808,"","Kincaid Other Trails"
"1151","Unnamed",3337,728,"","Russian Jack Ski Trails"
"1152","Unnamed",3338,2069,"",NA
"1153","Unnamed",3339,3224,"","Kincaid Other Trails"
"1154","Unnamed",3341,2438,"",NA
"1155","Unnamed",3342,1794,"",NA
"1156","Unnamed",3343,3241,"","Kincaid Other Trails"
"1157","Unnamed",3344,3865,"","Ruth Arcand Trails"
"1158","Unnamed",3346,1354,"",NA
"1159","Unnamed",3347,761,"",NA
"1160","Unnamed",3348,3752,"","Ruth Arcand Trails"
"1161","Unnamed",3349,2899,"",NA
"1162","Unnamed",3350,961,"",NA
"1163","Unnamed",3351,2540,"","Kincaid Other Trails"
"1164","Unnamed",3352,1109,"",NA
"1165","Unnamed",3353,2172,"","Kincaid Ski Trails"
"1166","Unnamed",3354,3128,"",NA
"1167","Unnamed",3355,2211,"",NA
"1168","Unnamed",3356,1872,"",NA
"1169","Unnamed",3357,4507,"",NA
"1170","Unnamed",3358,3745,"","Ruth Arcand Trails"
"1171","Unnamed",3359,1327,"",NA
"1172","Unnamed",3371,2070,"",NA
"1173","Unnamed",3372,2718,"",NA
"1174","Unnamed",3373,493,"",NA
"1175","Unnamed",3374,3813,"","Ruth Arcand Trails"
"1176","Unnamed",3375,81,"","Beech Lake Ski Trails"
"1177","Unnamed",3376,1843,"",NA
"1178","Unnamed",3377,947,"","Russian Jack Ski Trails"
"1179","Unnamed",3378,1293,"",NA
"1180","Unnamed",3380,4481,"",NA
"1181","Unnamed",3381,2867,"","Kincaid Other Trails"
"1182","Unnamed",3382,2204,"",NA
"1183","Unnamed",3383,3007,"","Kincaid Other Trails"
"1184","Unnamed",3384,636,"",NA
"1185","Unnamed",3385,260,"","Beech Lake Ski Trails"
"1186","Unnamed",3386,3868,"","Ruth Arcand Trails"
"1187","Unnamed",3387,621,"",NA
"1188","Unnamed",3388,4592,"",NA
"1189","Unnamed",3390,3703,"",NA
"1190","Unnamed",3400,864,"","Russian Jack Ski Trails"
"1191","Unnamed",3401,3033,"",NA
"1192","Unnamed",3402,533,"",NA
"1193","Unnamed",3403,3559,"",NA
"1194","Unnamed",3404,4632,"","Russian Jack Ski Trails"
"1195","Unnamed",3405,4323,"",NA
"1196","Unnamed",3406,768,"",NA
"1197","Unnamed",3407,793,"",NA
"1198","Unnamed",3409,2215,"",NA
"1199","Unnamed",3410,2654,"",NA
"1200","Unnamed",3411,3175,"","Kincaid Ski Trails"
"1201","Unnamed",3412,1897,"",NA
"1202","Unnamed",3414,269,"",NA
"1203","Unnamed",3415,3844,"","Ruth Arcand Trails"
"1204","Unnamed",3418,1581,"",NA
"1205","Unnamed",3419,3202,"",NA
"1206","Unnamed",3420,2106,"",NA
"1207","Unnamed",3421,2459,"",NA
"1208","Unnamed",3423,602,"",NA
"1209","Unnamed",3424,1402,"",NA
"1210","Unnamed",3425,472,"",NA
"1211","Unnamed",3426,956,"",NA
"1212","Unnamed",3427,689,"",NA
"1213","Unnamed",3428,863,"",NA
"1214","Unnamed",3429,3267,"",NA
"1215","Unnamed",3430,2191,"","Kincaid Other Trails"
"1216","Unnamed",3431,4756,"",NA
"1217","Unnamed",3432,1059,"",NA
"1218","Unnamed",3433,2798,"",NA
"1219","Unnamed",3434,971,"",NA
"1220","Unnamed",3435,4289,"",NA
"1221","Unnamed",3436,4395,"","Kincaid Other Trails"
"1222","Unnamed",3438,2787,"",NA
"1223","Unnamed",3439,189,"",NA
"1224","Unnamed",3440,2789,"","Kincaid Other Trails"
"1225","Unnamed",3441,4453,"",NA
"1226","Unnamed",3443,698,"","Russian Jack Ski Trails"
"1227","Unnamed",3444,4458,"","Kincaid Other Trails"
"1228","Unnamed",3445,2647,"",NA
"1229","Unnamed",3446,2848,"","Kincaid Other Trails"
"1230","Unnamed",3447,4741,"",NA
"1231","Unnamed",3448,3834,"","Ruth Arcand Trails"
"1232","Unnamed",3449,382,"","Centennial Park Trails"
"1233","Unnamed",3450,852,"","Russian Jack Ski Trails"
"1234","Unnamed",3454,857,"",NA
"1235","Unnamed",3455,1666,"",NA
"1236","Unnamed",3457,1063,"",NA
"1237","Unnamed",3458,4103,"",NA
"1238","Unnamed",3461,186,"","Russian Jack Ski Trails"
"1239","Unnamed",3462,3754,"","Ruth Arcand Trails"
"1240","Unnamed",3463,4446,"","Girdwood Trails"
"1241","Unnamed",3464,2693,"",NA
"1242","Unnamed",3465,1427,"",NA
"1243","Unnamed",3466,2561,"",NA
"1244","Unnamed",3468,3144,"","Kincaid Other Trails"
"1245","Unnamed",3469,672,"",NA
"1246","Unnamed",3470,271,"","Beech Lake Ski Trails"
"1247","Unnamed",3471,1700,"",NA
"1248","Unnamed",3473,497,"","Russian Jack Ski Trails"
"1249","Unnamed",3474,1480,"",NA
"1250","Unnamed",3475,804,"",NA
"1251","Unnamed",3476,3064,"","Kincaid Other Trails"
"1252","Unnamed",3477,2439,"",NA
"1253","Unnamed",3478,1001,"",NA
"1254","Unnamed",3479,3049,"",NA
"1255","Unnamed",3481,131,"","Beech Lake Ski Trails"
"1256","Unnamed",3482,3775,"","Ruth Arcand Trails"
"1257","Unnamed",3486,3743,"","Ruth Arcand Trails"
"1258","Unnamed",3488,2503,"","Kincaid Other Trails"
"1259","Unnamed",3489,3689,"",NA
"1260","Unnamed",3490,1649,"",NA
"1261","Unnamed",3491,3746,"","Ruth Arcand Trails"
"1262","Unnamed",3492,117,"","Beech Lake Ski Trails"
"1263","Unnamed",3493,3226,"",NA
"1264","Unnamed",3494,94,"","Beech Lake Ski Trails"
"1265","Unnamed",3495,3717,"",NA
"1266","Unnamed",3496,355,"","Centennial Park Trails"
"1267","Unnamed",3498,239,"","Beech Lake Ski Trails"
"1268","Unnamed",3499,1011,"","Coastal Trail"
"1269","Unnamed",3500,4829,"",NA
"1270","Unnamed",3501,190,"","Russian Jack Ski Trails"
"1271","Unnamed",3502,2359,"",NA
"1272","Unnamed",3503,1710,"",NA
"1273","Unnamed",3505,2613,"",NA
"1274","Unnamed",3506,1314,"",NA
"1275",NA,3512,0,"","Beach Lake Sled Dog"
"1276",NA,3514,0,"","Beach Lake Sled Dog"
"1277",NA,3515,0,"","Beach Lake Sled Dog"
"1278",NA,3516,0,"","Beach Lake Sled Dog"
"1279",NA,3517,0,"","Beach Lake Sled Dog"
"1280","Unnamed",3529,658,"",NA
"1281","Unnamed",3530,218,"","Beech Lake Ski Trails"
"1282","Unnamed",3531,4675,"",NA
"1283","Unnamed",3532,1200,"",NA
"1284","Unnamed",3533,2387,"",NA
"1285","Unnamed",3534,615,"",NA
"1286","Unnamed",3535,2299,"",NA
"1287","Unnamed",3536,4759,"",NA
"1288","Unnamed",3538,1458,"",NA
"1289","Unnamed",3540,736,"","Russian Jack Ski Trails"
"1290","Unnamed",3541,693,"","Russian Jack Ski Trails"
"1291","Unnamed",3542,2486,"",NA
"1292","Unnamed",3566,1622,"",NA
"1293","Unnamed",3567,4500,"",NA
"1294","Unnamed",3569,3086,"",NA
"1295","Unnamed",3570,928,"","Russian Jack Ski Trails"
"1296","Unnamed",3571,127,"","Beech Lake Ski Trails"
"1297","Unnamed",3572,3891,"",NA
"1298","Unnamed",3573,564,"",NA
"1299","Unnamed",3574,4472,"",NA
"1300","Unnamed",3575,71,"",NA
"1301","Unnamed",3576,5003,"","Connors Bog Skijor"
"1302","Unnamed",3577,562,"",NA
"1303","Unnamed",3578,4288,"",NA
"1304","Unnamed",3579,4570,"",NA
"1305","Unnamed",3580,3029,"",NA
"1306","Unnamed",3581,2766,"",NA
"1307","Unnamed",3582,925,"","Russian Jack Ski Trails"
"1308","Unnamed",3583,1446,"","Coastal Trail"
"1309","Unnamed",3585,1390,"",NA
"1310","Unnamed",3586,848,"","Russian Jack Ski Trails"
"1311","Unnamed",3587,1937,"",NA
"1312","Unnamed",3588,20,"","Mirror Lake Ski Trails"
"1313","Unnamed",3589,3882,"","Ruth Arcand Trails"
"1314","Unnamed",3590,3825,"","Ruth Arcand Trails"
"1315","Unnamed",3591,292,"",NA
"1316","Unnamed",3592,139,"","Beech Lake Ski Trails"
"1317","Unnamed",3593,3718,"",NA
"1318","Unnamed",3594,4671,"",NA
"1319","Unnamed",3595,4154,"",NA
"1320","Unnamed",3600,207,"",NA
"1321","Unnamed",3601,3174,"",NA
"1322","Unnamed",3602,1713,"",NA
"1323","Unnamed",3603,217,"","Beech Lake Ski Trails"
"1324","Unnamed",3605,4373,"",NA
"1325","Unnamed",3606,4077,"",NA
"1326","Unnamed",3607,4815,"",NA
"1327","Unnamed",3608,2749,"","Kincaid Other Trails"
"1328","Unnamed",3609,730,"",NA
"1329","Unnamed",3610,2018,"",NA
"1330","Unnamed",3611,4811,"",NA
"1331","Unnamed",3612,685,"","Russian Jack Ski Trails"
"1332","Unnamed",3613,1896,"",NA
"1333","Unnamed",3616,2692,"","Kincaid Other Trails"
"1334","Unnamed",3618,5002,"","Connors Bog Skijor"
"1335","Unnamed",3619,4555,"",NA
"1336","Unnamed",3620,1488,"",NA
"1337","Unnamed",3621,3758,"","Ruth Arcand Trails"
"1338","Unnamed",3622,1464,"",NA
"1339","Unnamed",3623,4470,"",NA
"1340","Unnamed",3624,2363,"",NA
"1341","Unnamed",3625,113,"","Beech Lake Ski Trails"
"1342","Unnamed",3626,4706,"","Russian Jack Ski Trails"
"1343","Unnamed",3628,1375,"",NA
"1344","Unnamed",3629,362,"",NA
"1345","Unnamed",3630,3239,"",NA
"1346","Unnamed",3631,853,"",NA
"1347","Unnamed",3639,1757,"",NA
"1348","Unnamed",3640,236,"","Beech Lake Ski Trails"
"1349","Unnamed",3641,1289,"",NA
"1350","Unnamed",3642,2484,"",NA
"1351","Unnamed",3643,1815,"",NA
"1352","Unnamed",3644,2525,"",NA
"1353","Unnamed",3645,2297,"",NA
"1354","Unnamed",3646,2919,"",NA
"1355","Unnamed",3647,1210,"",NA
"1356","Unnamed",3648,1020,"",NA
"1357","Unnamed",3649,4602,"",NA
"1358","Unnamed",3650,3091,"",NA
"1359","Unnamed",3651,601,"",NA
"1360","Unnamed",3652,3061,"","Kincaid Other Trails"
"1361","Unnamed",3653,1241,"",NA
"1362","Unnamed",3654,3831,"","Ruth Arcand Trails"
"1363","Unnamed",3655,399,"",NA
"1364","Unnamed",3656,4616,"","Connors Bog Skijor"
"1365","Unnamed",3657,2014,"",NA
"1366","Unnamed",3658,170,"",NA
"1367","Unnamed",3659,524,"",NA
"1368","Unnamed",3660,4736,"",NA
"1369","Unnamed",3661,1766,"",NA
"1370","Unnamed",3662,4480,"",NA
"1371","Unnamed",3663,82,"",NA
"1372","Unnamed",3664,2835,"","Kincaid Other Trails"
"1373","Unnamed",3665,3763,"","Ruth Arcand Trails"
"1374","Unnamed",3667,124,"","Beech Lake Ski Trails"
"1375","Unnamed",3669,2690,"",NA
"1376","Unnamed",3670,1165,"",NA
"1377","Unnamed",3672,185,"","Russian Jack Ski Trails"
"1378","Unnamed",3673,2098,"",NA
"1379","Unnamed",3674,2335,"",NA
"1380","Unnamed",3675,2945,"",NA
"1381","Unnamed",3676,855,"",NA
"1382","Unnamed",3677,4812,"",NA
"1383","Unnamed",3678,1774,"",NA
"1384","Unnamed",3679,814,"",NA
"1385","Unnamed",3680,2559,"",NA
"1386","Unnamed",3681,3006,"",NA
"1387","Unnamed",3684,135,"","Beech Lake Ski Trails"
"1388","Unnamed",3685,2527,"",NA
"1389","Unnamed",3687,3488,"",NA
"1390","Unnamed",3688,2021,"",NA
"1391","Unnamed",3689,3075,"",NA
"1392","Unnamed",3690,3855,"","Ruth Arcand Trails"
"1393","Unnamed",3691,663,"",NA
"1394","Unnamed",3692,4503,"","Kincaid Other Trails"
"1395","Unnamed",3693,835,"","Russian Jack Ski Trails"
"1396","Unnamed",3694,3070,"","Coastal Trail"
"1397","Unnamed",3695,3907,"","Ruth Arcand Trails"
"1398","Unnamed",3696,2430,"",NA
"1399","Unnamed",3697,709,"","Russian Jack Ski Trails"
"1400","Unnamed",3699,4419,"",NA
"1401","Unnamed",3700,215,"","Beech Lake Ski Trails"
"1402","Unnamed",3702,3652,"",NA
"1403","Unnamed",3703,704,"",NA
"1404","Unnamed",3717,141,"","Beech Lake Ski Trails"
"1405","Unnamed",3718,1070,"",NA
"1406","Unnamed",3719,1116,"",NA
"1407","Unnamed",3720,3790,"","Ruth Arcand Trails"
"1408","Unnamed",3721,241,"","Beech Lake Ski Trails"
"1409","Unnamed",3722,1047,"","Russian Jack Ski Trails"
"1410","Unnamed",3723,669,"","Russian Jack Ski Trails"
"1411","Unnamed",3725,1614,"",NA
"1412","Unnamed",3726,3511,"",NA
"1413","Unnamed",3727,1771,"",NA
"1414","Unnamed",3728,5011,"","Connors Bog Skijor"
"1415","Unnamed",3729,3604,"",NA
"1416","Unnamed",3730,4707,"",NA
"1417","Unnamed",3731,4746,"",NA
"1418","Unnamed",3732,902,"",NA
"1419","Unnamed",3733,4543,"",NA
"1420","Unnamed",3734,194,"","Russian Jack Ski Trails"
"1421","Unnamed",3735,3905,"","Ruth Arcand Trails"
"1422","Unnamed",3736,4346,"","Russian Jack Ski Trails"
"1423","Unnamed",3737,3158,"","Kincaid Ski Trails"
"1424","Unnamed",3738,713,"","Russian Jack Ski Trails"
"1425","Unnamed",3739,4818,"",NA
"1426","Unnamed",3740,2355,"",NA
"1427","Unnamed",3741,3216,"",NA
"1428","Unnamed",3742,1856,"",NA
"1429","Unnamed",3744,777,"",NA
"1430","Unnamed",3745,829,"",NA
"1431","Unnamed",3746,1493,"",NA
"1432","Unnamed",3747,347,"",NA
"1433","Unnamed",3748,832,"","Russian Jack Ski Trails"
"1434","Unnamed",3763,126,"","Beech Lake Ski Trails"
"1435","Unnamed",3764,2763,"",NA
"1436","Unnamed",3765,2319,"",NA
"1437","Unnamed",3766,4473,"",NA
"1438","Unnamed",3767,1719,"",NA
"1439","Unnamed",3768,3726,"",NA
"1440","Unnamed",3769,1385,"",NA
"1441","Unnamed",3770,4403,"",NA
"1442","Unnamed",3772,1250,"",NA
"1443","Unnamed",3773,2373,"",NA
"1444","Unnamed",3774,3386,"","Kincaid Other Trails"
"1445","Unnamed",3775,4451,"",NA
"1446","Unnamed",3776,1456,"",NA
"1447","Unnamed",3777,773,"",NA
"1448","Unnamed",3778,2987,"","Kincaid Other Trails"
"1449","Unnamed",3779,85,"","Beech Lake Ski Trails"
"1450","Unnamed",3780,1750,"",NA
"1451","Unnamed",3781,1322,"",NA
"1452","Unnamed",3782,230,"","Beech Lake Ski Trails"
"1453","Unnamed",3783,3671,"",NA
"1454","Unnamed",3784,4102,"",NA
"1455","Unnamed",3785,734,"","Russian Jack Ski Trails"
"1456","Unnamed",3786,4150,"",NA
"1457","Unnamed",3788,1324,"",NA
"1458","Unnamed",3789,2657,"","Kincaid Other Trails"
"1459","Unnamed",3790,1568,"",NA
"1460","Unnamed",3791,3919,"","Ruth Arcand Trails"
"1461","Unnamed",3792,234,"","Beech Lake Ski Trails"
"1462","Unnamed",3795,4983,"","Connors Bog Skijor"
"1463","Unnamed",3796,4767,"","Russian Jack Ski Trails"
"1464","Unnamed",3798,3255,"",NA
"1465","Unnamed",3799,4452,"",NA
"1466","Unnamed",3800,3509,"",NA
"1467","Unnamed",3801,2206,"",NA
"1468","Unnamed",3802,2443,"",NA
"1469","Unnamed",3803,2819,"","Kincaid Other Trails"
"1470","Unnamed",3804,1104,"",NA
"1471","Unnamed",3805,1878,"",NA
"1472","Unnamed",3806,3015,"",NA
"1473","Unnamed",3807,2247,"",NA
"1474","Unnamed",3808,479,"",NA
"1475","Unnamed",3809,256,"","Beech Lake Ski Trails"
"1476","Unnamed",3812,642,"",NA
"1477","Unnamed",3813,3805,"","Ruth Arcand Trails"
"1478","Unnamed",3814,897,"","Russian Jack Ski Trails"
"1479","Unnamed",3815,959,"",NA
"1480","Unnamed",3816,4661,"",NA
"1481","Unnamed",3817,74,"",NA
"1482","Unnamed",3818,91,"","Beech Lake Ski Trails"
"1483","Unnamed",3819,530,"",NA
"1484","Unnamed",3820,664,"","Russian Jack Ski Trails"
"1485","Unnamed",3821,765,"","Russian Jack Ski Trails"
"1486","Unnamed",3822,4563,"","Beech Lake Ski Trails"
"1487","Unnamed",3823,3753,"","Ruth Arcand Trails"
"1488","Unnamed",3824,668,"","Russian Jack Ski Trails"
"1489","Unnamed",3825,2785,"",NA
"1490","Unnamed",3826,220,"","Beech Lake Ski Trails"
"1491","Unnamed",3827,246,"","Beech Lake Ski Trails"
"1492","Unnamed",3828,2277,"",NA
"1493","Unnamed",3829,4974,"","Connors Bog Skijor"
"1494","Unnamed",3830,4345,"","Russian Jack Ski Trails"
"1495","Unnamed",3831,696,"",NA
"1496","Unnamed",3832,3742,"","Ruth Arcand Trails"
"1497","Unnamed",3833,2346,"",NA
"1498","Unnamed",3834,16,"","Mirror Lake Ski Trails"
"1499","Unnamed",3835,3317,"",NA
"1500","Unnamed",3836,2781,"","Kincaid Ski Trails"
"1501","Unnamed",3837,878,"","Russian Jack Ski Trails"
"1502","Unnamed",3838,874,"",NA
"1503","Unnamed",3839,3896,"","Ruth Arcand Trails"
"1504","Unnamed",3840,3723,"",NA
"1505","Unnamed",3841,2977,"",NA
"1506","Unnamed",3842,532,"",NA
"1507","Unnamed",3843,916,"",NA
"1508","Unnamed",3844,1708,"",NA
"1509","Unnamed",3845,4554,"",NA
"1510","Unnamed",3846,3933,"",NA
"1511","Unnamed",3847,4664,"",NA
"1512","Unnamed",3848,2199,"",NA
"1513","Unnamed",3849,1428,"",NA
"1514","Unnamed",3850,4712,"",NA
"1515","Unnamed",3851,4221,"",NA
"1516","Unnamed",3852,3720,"",NA
"1517","Unnamed",3853,4552,"",NA
"1518","Unnamed",3854,267,"","Beech Lake Ski Trails"
"1519","Unnamed",3855,2270,"",NA
"1520","Unnamed",3856,3861,"","Ruth Arcand Trails"
"1521","Unnamed",3857,2251,"",NA
"1522","Unnamed",3858,3628,"",NA
"1523","Unnamed",3859,4600,"","Kincaid Other Trails"
"1524","Unnamed",3860,862,"",NA
"1525","Unnamed",3861,3464,"",NA
"1526","Unnamed",3862,2700,"","Kincaid Other Trails"
"1527","Unnamed",3863,583,"",NA
"1528","Unnamed",3864,2832,"",NA
"1529","Unnamed",3865,802,"","Russian Jack Ski Trails"
"1530","Unnamed",3866,1284,"",NA
"1531","Unnamed",3867,4782,"",NA
"1532","Unnamed",3868,2907,"","Kincaid Other Trails"
"1533","Unnamed",3869,982,"","Russian Jack Ski Trails"
"1534","Unnamed",3870,3986,"",NA
"1535","Unnamed",3871,4410,"",NA
"1536","Unnamed",3872,3478,"","Kincaid Other Trails"
"1537","Unnamed",3873,1781,"",NA
"1538","Unnamed",3875,214,"","Beech Lake Ski Trails"
"1539","Unnamed",3876,1526,"",NA
"1540","Unnamed",3877,2357,"",NA
"1541","Unnamed",3878,1971,"",NA
"1542","Unnamed",3888,843,"",NA
"1543","Unnamed",3889,212,"","Beech Lake Ski Trails"
"1544","Unnamed",3891,4680,"",NA
"1545","Unnamed",3892,184,"",NA
"1546","Unnamed",3893,4595,"",NA
"1547","Unnamed",3894,160,"","Russian Jack Ski Trails"
"1548","Unnamed",3895,3832,"","Ruth Arcand Trails"
"1549","Unnamed",3896,125,"","Beech Lake Ski Trails"
"1550","Unnamed",3897,490,"",NA
"1551","Unnamed",3898,1350,"",NA
"1552","Unnamed",3899,3943,"",NA
"1553","Unnamed",3901,1530,"",NA
"1554","Unnamed",3902,3217,"",NA
"1555","Unnamed",3903,2485,"",NA
"1556","Unnamed",3904,2383,"",NA
"1557","Unnamed",3905,2523,"",NA
"1558","Unnamed",3906,3649,"",NA
"1559","Unnamed",3907,2877,"","Kincaid Other Trails"
"1560","Unnamed",3908,2309,"",NA
"1561","Unnamed",3910,3374,"","Kincaid Other Trails"
"1562","Unnamed",3911,4686,"",NA
"1563","Unnamed",3912,4535,"",NA
"1564","Unnamed",3913,4072,"",NA
"1565","Unnamed",3914,130,"","Beech Lake Ski Trails"
"1566","Unnamed",3915,2255,"",NA
"1567","Unnamed",3916,1119,"",NA
"1568","Unnamed",3917,970,"","Russian Jack Ski Trails"
"1569","Unnamed",3918,4611,"","Connors Bog Skijor"
"1570","Unnamed",3919,3328,"","Kincaid Other Trails"
"1571","Unnamed",3920,2701,"","Kincaid Other Trails"
"1572","Unnamed",3921,4560,"",NA
"1573","Unnamed",3922,2202,"",NA
"1574","Unnamed",3923,972,"","Russian Jack Ski Trails"
"1575","Unnamed",3924,2226,"",NA
"1576","Unnamed",3925,1358,"",NA
"1577","Unnamed",3926,1359,"",NA
"1578","Unnamed",3927,3821,"","Ruth Arcand Trails"
"1579","Unnamed",3928,4509,"",NA
"1580","Unnamed",3929,4545,"",NA
"1581","Unnamed",3930,2405,"",NA
"1582","Unnamed",3931,2161,"","Kincaid Other Trails"
"1583","Unnamed",3932,2151,"",NA
"1584","Unnamed",3933,4144,"",NA
"1585","Unnamed",3934,1716,"",NA
"1586","Unnamed",3935,3866,"","Ruth Arcand Trails"
"1587","Unnamed",3936,2568,"",NA
"1588","Unnamed",3937,79,"","Beech Lake Ski Trails"
"1589","Unnamed",3938,3323,"","Kincaid Ski Trails"
"1590","Unnamed",3939,2733,"",NA
"1591","Unnamed",3940,180,"",NA
"1592","Unnamed",3941,142,"","Beech Lake Ski Trails"
"1593","Unnamed",3942,2997,"",NA
"1594","Unnamed",3943,719,"",NA
"1595","Unnamed",3944,4830,"",NA
"1596","Unnamed",3947,252,"","Beech Lake Ski Trails"
"1597","Unnamed",3948,4642,"",NA
"1598","Unnamed",3949,2544,"","Kincaid Other Trails"
"1599","Unnamed",3950,3563,"","Abbott Trail"
"1600","Unnamed",3951,682,"","Russian Jack Ski Trails"
"1601","Unnamed",3952,1625,"",NA
"1602","Unnamed",3954,3847,"","Ruth Arcand Trails"
"1603","Unnamed",3956,3258,"",NA
"1604","Unnamed",3959,2174,"",NA
"1605","Unnamed",3960,3803,"","Ruth Arcand Trails"
"1606","Unnamed",3961,1239,"",NA
"1607","Unnamed",3962,1773,"",NA
"1608","Unnamed",3963,2628,"",NA
"1609","Unnamed",3964,3219,"",NA
"1610","Unnamed",3965,665,"",NA
"1611","Unnamed",3966,895,"","Russian Jack Ski Trails"
"1612","Unnamed",3967,3766,"","Ruth Arcand Trails"
"1613","Unnamed",3968,3052,"","Kincaid Other Trails"
"1614","Unnamed",3969,3936,"",NA
"1615","Unnamed",3970,4087,"",NA
"1616","Unnamed",3971,486,"",NA
"1617","Unnamed",3981,4569,"",NA
"1618","Unnamed",3982,284,"","Beech Lake Ski Trails"
"1619","Unnamed",3983,2721,"",NA
"1620","Unnamed",3985,3804,"","Ruth Arcand Trails"
"1621","Unnamed",3986,2707,"",NA
"1622","Unnamed",3987,78,"","Beech Lake Ski Trails"
"1623","Unnamed",3988,717,"",NA
"1624","Unnamed",3989,4803,"",NA
"1625","Unnamed",3992,3619,"",NA
"1626","Unnamed",3993,1543,"",NA
"1627","Unnamed",3994,1661,"",NA
"1628","Unnamed",3995,54,"",NA
"1629","Unnamed",3996,3257,"",NA
"1630","Unnamed",3998,2653,"","Kincaid Other Trails"
"1631","Unnamed",4006,4374,"",NA
"1632","Unnamed",4007,3164,"","Kincaid Ski Trails"
"1633",NA,4008,259,"","Beech Lake Ski Trails"
"1634","Unnamed",4010,321,"",NA
"1635",NA,4014,63,"","Beech Lake Dog Trails"
"1636","Unnamed",4023,1062,"",NA
"1637","Unnamed",4024,662,"",NA
"1638","Unnamed",4025,3765,"","Ruth Arcand Trails"
"1639","Unnamed",4026,463,"",NA
"1640","Unnamed",4027,3391,"","Kincaid Other Trails"
"1641","Unnamed",4028,1106,"","Coastal Trail"
"1642","Unnamed",4029,1053,"","Russian Jack Ski Trails"
"1643","Unnamed",4030,1776,"",NA
"1644","Unnamed",4031,1299,"",NA
"1645","Unnamed",4033,2364,"",NA
"1646","Unnamed",4034,3551,"",NA
"1647","Unnamed",4035,250,"","Beech Lake Ski Trails"
"1648","Unnamed",4036,581,"",NA
"1649","Unnamed",4037,2464,"",NA
"1650","Unnamed",4038,3886,"","Ruth Arcand Trails"
"1651","Unnamed",4039,3355,"","Kincaid Ski Trails"
"1652","Unnamed",4040,3932,"",NA
"1653","Unnamed",4041,2368,"",NA
"1654","Unnamed",4043,2632,"",NA
"1655","Unnamed",4044,1017,"",NA
"1656","Unnamed",4046,2189,"","Kincaid Other Trails"
"1657","Unnamed",4047,4101,"",NA
"1658","Unnamed",4048,4492,"",NA
"1659","Unnamed",4049,3945,"",NA
"1660","Unnamed",4050,622,"",NA
"1661","Unnamed",4051,4831,"",NA
"1662","Unnamed",4053,1447,"",NA
"1663","Unnamed",4054,4499,"","Kincaid Other Trails"
"1664","Unnamed",4055,1065,"",NA
"1665","Unnamed",4056,1260,"",NA
"1666","Unnamed",4057,2695,"",NA
"1667","Unnamed",4058,2467,"",NA
"1668","Unnamed",4059,3365,"",NA
"1669","Unnamed",4060,1644,"",NA
"1670","Unnamed",4061,4464,"","Beech Lake Ski Trails"
"1671","Unnamed",4062,1760,"",NA
"1672","Unnamed",4063,1388,"",NA
"1673","Unnamed",4064,2318,"",NA
"1674","Unnamed",4065,1832,"",NA
"1675","Unnamed",4066,4825,"",NA
"1676","Unnamed",4068,2201,"",NA
"1677","Unnamed",4069,2960,"",NA
"1678","Unnamed",4070,854,"",NA
"1679","Unnamed",4071,4113,"",NA
"1680","Unnamed",4072,1662,"",NA
"1681","Unnamed",4073,2365,"",NA
"1682","Unnamed",4074,478,"",NA
"1683","Unnamed",4076,1767,"",NA
"1684","Unnamed",4078,3517,"",NA
"1685","Unnamed",4079,4628,"",NA
"1686","Unnamed",4080,3827,"","Ruth Arcand Trails"
"1687","Unnamed",4081,2187,"",NA
"1688","Unnamed",4082,3326,"","Kincaid Other Trails"
"1689","Unnamed",4083,394,"",NA
"1690","Unnamed",4084,1778,"",NA
"1691","Unnamed",4085,2669,"",NA
"1692","Unnamed",4086,367,"","Centennial Park Trails"
"1693","Unnamed",4087,464,"",NA
"1694","Unnamed",4088,3243,"",NA
"1695","Unnamed",4089,2906,"","Kincaid Other Trails"
"1696","Unnamed",4090,609,"",NA
"1697","Unnamed",4091,4375,"",NA
"1698","Unnamed",4092,966,"","Russian Jack Ski Trails"
"1699","Unnamed",4094,2121,"",NA
"1700","Unnamed",4095,3877,"","Ruth Arcand Trails"
"1701","Unnamed",4096,656,"",NA
"1702","Unnamed",4097,2402,"",NA
"1703","Unnamed",4098,2976,"",NA
"1704","Unnamed",4099,3691,"",NA
"1705","Unnamed",4100,1567,"",NA
"1706","Unnamed",4101,2512,"",NA
"1707","Unnamed",4102,4466,"",NA
"1708","Unnamed",4103,1947,"",NA
"1709","Unnamed",4104,708,"","Russian Jack Ski Trails"
"1710","Unnamed",4105,4759,"",NA
"1711","Unnamed",4106,4759,"",NA
"1712","Unnamed",4108,3034,"","Kincaid Other Trails"
"1713","Unnamed",4109,2606,"",NA
"1714","Unnamed",4110,1812,"",NA
"1715","Unnamed",4111,3854,"","Ruth Arcand Trails"
"1716","Unnamed",4112,1261,"",NA
"1717","Unnamed",4113,456,"",NA
"1718","Unnamed",4114,2382,"",NA
"1719","Unnamed",4115,3880,"","Ruth Arcand Trails"
"1720","Unnamed",4116,666,"","Russian Jack Ski Trails"
"1721","Unnamed",4117,2483,"",NA
"1722","Unnamed",4118,3611,"",NA
"1723","Unnamed",4119,3079,"","Kincaid Other Trails"
"1724","Unnamed",4120,702,"",NA
"1725","Unnamed",4121,3651,"",NA
"1726","Unnamed",4122,2351,"",NA
"1727","Unnamed",4123,2542,"",NA
"1728","Unnamed",4124,3979,"",NA
"1729","Unnamed",4125,4442,"",NA
"1730","Unnamed",4126,2222,"",NA
"1731","Unnamed",4127,2256,"",NA
"1732","Unnamed",4128,69,"",NA
"1733","Unnamed",4129,1454,"",NA
"1734","Unnamed",4132,4223,"",NA
"1735","Unnamed",4133,2557,"",NA
"1736","Unnamed",4134,4109,"",NA
"1737","Unnamed",4135,2780,"","Kincaid Other Trails"
"1738","Unnamed",4136,882,"","Russian Jack Ski Trails"
"1739","Unnamed",4137,2379,"",NA
"1740","Unnamed",4138,3768,"","Ruth Arcand Trails"
"1741","Unnamed",4139,4738,"",NA
"1742","Unnamed",4140,576,"",NA
"1743","Unnamed",4142,3201,"",NA
"1744","Unnamed",4143,3309,"","Kincaid Ski Trails"
"1745","Unnamed",4144,922,"",NA
"1746","Unnamed",4145,2799,"",NA
"1747","Unnamed",4146,2,"",NA
"1748","Unnamed",4147,3824,"","Ruth Arcand Trails"
"1749","Unnamed",4148,2360,"",NA
"1750","Unnamed",4149,1601,"",NA
"1751","Unnamed",4150,732,"","Russian Jack Ski Trails"
"1752","Unnamed",4151,618,"",NA
"1753","Unnamed",4152,3801,"","Ruth Arcand Trails"
"1754","Unnamed",4153,4475,"","Kincaid Other Trails"
"1755","Unnamed",4154,4287,"",NA
"1756","Unnamed",4155,3843,"","Ruth Arcand Trails"
"1757","Unnamed",4156,3874,"","Ruth Arcand Trails"
"1758","Unnamed",4157,2811,"","Kincaid Other Trails"
"1759","Unnamed",4158,84,"","Beech Lake Ski Trails"
"1760","Unnamed",4160,1064,"",NA
"1761","Unnamed",4162,1050,"",NA
"1762","Unnamed",4163,3749,"","Ruth Arcand Trails"
"1763","Unnamed",4164,3892,"","Ruth Arcand Trails"
"1764","Unnamed",4165,2401,"",NA
"1765","Unnamed",4166,120,"","Beech Lake Ski Trails"
"1766",NA,4168,70,"","Beech Lake Dog Trails"
"1767","Unnamed",4179,2313,"",NA
"1768","Unnamed",4180,2479,"",NA
"1769","Unnamed",4181,3535,"",NA
"1770","Unnamed",4183,3687,"",NA
"1771","Unnamed",4185,999,"",NA
"1772","Unnamed",4186,4616,"",NA
"1773","Unnamed",4187,3840,"","Ruth Arcand Trails"
"1774","Unnamed",4189,108,"","Beech Lake Ski Trails"
"1775","Unnamed",4190,1237,"",NA
"1776","Unnamed",4191,1056,"",NA
"1777","Unnamed",4192,290,"",NA
"1778","Unnamed",4193,1509,"",NA
"1779","Unnamed",4194,2261,"",NA
"1780","Unnamed",4195,535,"",NA
"1781","Unnamed",4196,614,"",NA
"1782","Unnamed",4197,1290,"",NA
"1783","Unnamed",4198,1670,"",NA
"1784","Unnamed",4200,2238,"",NA
"1785","Unnamed",4201,1027,"","Russian Jack Ski Trails"
"1786","Unnamed",4202,3358,"","Kincaid Other Trails"
"1787","Unnamed",4203,4612,"","Beech Lake Ski Trails"
"1788","Unnamed",4204,4796,"","Beech Lake Ski Trails"
"1789","Unnamed",4205,2223,"",NA
"1790","Unnamed",4206,3249,"","Kincaid Other Trails"
"1791","Unnamed",4207,711,"",NA
"1792","Unnamed",4209,177,"","Russian Jack Ski Trails"
"1793","Unnamed",4211,539,"",NA
"1794","Unnamed",4212,2452,"",NA
"1795","Unnamed",4213,4615,"",NA
"1796","Unnamed",4214,208,"",NA
"1797","Unnamed",4215,990,"","Russian Jack Ski Trails"
"1798","Unnamed",4216,268,"","Beech Lake Ski Trails"
"1799","Unnamed",4218,2340,"",NA
"1800","Unnamed",4219,2875,"",NA
"1801","Unnamed",4220,700,"",NA
"1802","Unnamed",4221,3447,"",NA
"1803","Unnamed",4222,1357,"",NA
"1804","Unnamed",4223,1469,"",NA
"1805","Unnamed",4236,1097,"","Coastal Trail"
"1806","Unnamed",4237,3783,"","Ruth Arcand Trails"
"1807","Unnamed",4239,213,"","Beech Lake Ski Trails"
"1808","Unnamed",4241,2521,"",NA
"1809","Unnamed",4242,481,"",NA
"1810","Unnamed",4243,2488,"",NA
"1811","Unnamed",4244,3679,"",NA
"1812","Unnamed",4245,286,"","Beech Lake Ski Trails"
"1813","Unnamed",4246,1940,"","Kincaid Other Trails"
"1814","Unnamed",4247,3228,"",NA
"1815","Unnamed",4248,4660,"","Russian Jack Ski Trails"
"1816","Unnamed",4249,876,"","Russian Jack Ski Trails"
"1817","Unnamed",4250,1709,"",NA
"1818","Unnamed",4251,2753,"","Kincaid Other Trails"
"1819","Unnamed",4252,281,"","Beech Lake Ski Trails"
"1820","Unnamed",4253,3807,"","Ruth Arcand Trails"
"1821","Unnamed",4254,1483,"",NA
"1822","Unnamed",4255,163,"","Russian Jack Ski Trails"
"1823","Unnamed",4256,3792,"","Ruth Arcand Trails"
"1824","Unnamed",4257,33,"","Mirror Lake Ski Trails"
"1825","Unnamed",4258,1482,"",NA
"1826","Unnamed",4260,903,"",NA
"1827","Unnamed",4261,3776,"","Ruth Arcand Trails"
"1828","Unnamed",4262,1294,"",NA
"1829","Unnamed",4263,3627,"",NA
"1830","Unnamed",4264,2236,"",NA
"1831","Unnamed",4265,1844,"",NA
"1832","Unnamed",4266,1461,"",NA
"1833","Unnamed",4267,287,"","Beech Lake Ski Trails"
"1834","Unnamed",4268,4826,"",NA
"1835","Unnamed",4269,2652,"",NA
"1836","Unnamed",4270,4326,"","Kincaid Ski Trails"
"1837","Unnamed",4271,4436,"",NA
"1838","Unnamed",4272,1958,"","Kincaid Other Trails"
"1839","Unnamed",4273,4691,"",NA
"1840","Unnamed",4274,3809,"","Ruth Arcand Trails"
"1841","Unnamed",4275,228,"","Beech Lake Ski Trails"
"1842","Unnamed",4276,896,"",NA
"1843","Unnamed",4277,4819,"",NA
"1844","Unnamed",4278,4726,"","Kincaid Other Trails"
"1845","Unnamed",4279,1945,"",NA
"1846","Unnamed",4280,2761,"","Kincaid Other Trails"
"1847","Unnamed",4281,3875,"","Ruth Arcand Trails"
"1848","Unnamed",4282,3995,"",NA
"1849","Unnamed",4283,3836,"","Ruth Arcand Trails"
"1850","Unnamed",4284,2918,"",NA
"1851","Unnamed",4285,1623,"",NA
"1852","Unnamed",4286,133,"","Beech Lake Ski Trails"
"1853","Unnamed",4287,877,"",NA
"1854","Unnamed",4288,677,"",NA
"1855","Unnamed",4289,4099,"",NA
"1856","Unnamed",4290,2731,"",NA
"1857","Unnamed",4291,983,"",NA
"1858","Unnamed",4292,2662,"",NA
"1859","Unnamed",4293,1340,"",NA
"1860","Unnamed",4294,4678,"",NA
"1861","Unnamed",4295,1007,"",NA
"1862","Unnamed",4296,4955,"","Connors Bog Skijor"
"1863","Unnamed",4297,3229,"",NA
"1864","Unnamed",4298,3810,"","Ruth Arcand Trails"
"1865","Unnamed",4300,4689,"",NA
"1866","Unnamed",4301,3104,"","Kincaid Other Trails"
"1867","Unnamed",4302,720,"","Russian Jack Ski Trails"
"1868","Unnamed",4303,2391,"",NA
"1869","Unnamed",4304,762,"","Russian Jack Ski Trails"
"1870","Unnamed",4305,546,"",NA
"1871","Unnamed",4306,2224,"",NA
"1872","Unnamed",4307,272,"","Beech Lake Ski Trails"
"1873","Unnamed",4308,690,"",NA
"1874","Unnamed",4309,258,"","Beech Lake Ski Trails"
"1875","Unnamed",4310,3519,"","Kincaid Other Trails"
"1876","Unnamed",4311,3637,"",NA
"1877","Unnamed",4312,3384,"",NA
"1878","Unnamed",4313,771,"",NA
"1879","Unnamed",4314,2706,"",NA
"1880","Unnamed",4315,3270,"",NA
"1881","Unnamed",4316,1511,"",NA
"1882","Unnamed",4317,2607,"",NA
"1883","Unnamed",4318,1679,"","Kincaid Ski Trails"
"1884","Unnamed",4319,2460,"",NA
"1885","Unnamed",4320,3301,"","Kincaid Other Trails"
"1886","Unnamed",4321,823,"",NA
"1887","Unnamed",4322,721,"",NA
"1888","Unnamed",4323,443,"",NA
"1889","Unnamed",4324,3881,"","Ruth Arcand Trails"
"1890","Unnamed",4325,3231,"",NA
"1891","Unnamed",4326,3806,"","Ruth Arcand Trails"
"1892","Unnamed",4327,245,"","Beech Lake Ski Trails"
"1893","Unnamed",4328,1921,"",NA
"1894","Unnamed",4329,2966,"","Kincaid Other Trails"
"1895","Unnamed",4330,3148,"","Kincaid Other Trails"
"1896","Unnamed",4332,834,"","Russian Jack Ski Trails"
"1897","Unnamed",4333,4645,"",NA
"1898","Unnamed",4334,4467,"",NA
"1899","Unnamed",4335,3459,"","Kincaid Other Trails"
"1900","Unnamed",4336,613,"",NA
"1901","Unnamed",4337,1701,"",NA
"1902","Unnamed",4338,1337,"",NA
"1903","Unnamed",4339,3507,"",NA
"1904","Unnamed",4340,510,"","Russian Jack Ski Trails"
"1905","Unnamed",4341,2278,"",NA
"1906","Unnamed",4343,1684,"","Kincaid Ski Trails"
"1907","Unnamed",4344,1405,"",NA
"1908","Unnamed",4345,3364,"",NA
"1909","Unnamed",4347,2145,"","Kincaid Other Trails"
"1910","Unnamed",4348,368,"","Centennial Park Trails"
"1911","Unnamed",4349,504,"",NA
"1912","Unnamed",4350,2592,"",NA
"1913","Unnamed",4351,2730,"",NA
"1914","Unnamed",4352,2412,"",NA
"1915","Unnamed",4353,3439,"",NA
"1916","Unnamed",4354,3360,"","Kincaid Other Trails"
"1917","Unnamed",4355,279,"","Beech Lake Ski Trails"
"1918","Unnamed",4356,505,"","Russian Jack Ski Trails"
"1919","Unnamed",4357,2078,"",NA
"1920","Unnamed",4358,694,"","Russian Jack Ski Trails"
"1921","Unnamed",4359,4650,"",NA
"1922","Unnamed",4360,231,"","Beech Lake Ski Trails"
"1923","Unnamed",4361,3390,"","Kincaid Other Trails"
"1924","Unnamed",4363,649,"",NA
"1925","Unnamed",4364,2786,"","Kincaid Other Trails"
"1926","Unnamed",4365,3208,"","Kincaid Other Trails"
"1927","Unnamed",4366,2963,"",NA
"1928","Unnamed",4367,3650,"",NA
"1929","Unnamed",4368,372,"","Centennial Park Trails"
"1930","Unnamed",4369,951,"",NA
"1931","Unnamed",4370,915,"","Russian Jack Ski Trails"
"1932","Unnamed",4371,1331,"",NA
"1933","Unnamed",4374,2306,"",NA
"1934","Unnamed",4375,4335,"","Kincaid Other Trails"
"1935","Unnamed",4376,3659,"",NA
"1936","Unnamed",4377,3761,"","Ruth Arcand Trails"
"1937","Unnamed",4378,1232,"",NA
"1938","Unnamed",4391,1699,"",NA
"1939","Unnamed",4392,3550,"",NA
"1940","Unnamed",4393,3795,"","Ruth Arcand Trails"
"1941","Unnamed",4394,1254,"",NA
"1942","Unnamed",4395,1283,"",NA
"1943","Unnamed",4397,964,"",NA
"1944","Unnamed",4398,4497,"",NA
"1945","Unnamed",4400,953,"","Russian Jack Ski Trails"
"1946","Unnamed",4401,93,"","Beech Lake Ski Trails"
"1947","Unnamed",4402,5001,"","Connors Bog Skijor"
"1948","Unnamed",4403,4643,"",NA
"1949","Unnamed",4404,2320,"",NA
"1950","Unnamed",4405,1019,"","Russian Jack Ski Trails"
"1951","Unnamed",4406,2795,"","Kincaid Other Trails"
"1952","Unnamed",4407,4443,"",NA
"1953","Unnamed",4408,518,"",NA
"1954","Unnamed",4409,4717,"","Beech Lake Ski Trails"
"1955","Unnamed",4410,4627,"",NA
"1956","Unnamed",4411,242,"","Beech Lake Ski Trails"
"1957","Unnamed",4412,2338,"",NA
"1958","Unnamed",4413,2266,"",NA
"1959","Unnamed",4414,4527,"","Beech Lake Ski Trails"
"1960","Unnamed",4415,3470,"",NA
"1961","Unnamed",4416,1965,"",NA
"1962","Unnamed",4417,798,"","Russian Jack Ski Trails"
"1963","Unnamed",4418,2837,"","Kincaid Ski Trails"
"1964","Unnamed",4419,1785,"",NA
"1965","Unnamed",4420,3727,"",NA
"1966","Unnamed",4421,2456,"",NA
"1967","Unnamed",4422,4153,"",NA
"1968","Unnamed",4423,2482,"",NA
"1969","Unnamed",4424,2756,"","Kincaid Other Trails"
"1970","Unnamed",4425,4114,"",NA
"1971","Unnamed",4426,652,"",NA
"1972","Unnamed",4427,1217,"",NA
"1973","Unnamed",4429,2457,"",NA
"1974","Unnamed",4431,2961,"",NA
"1975","Unnamed",4432,3793,"","Ruth Arcand Trails"
"1976","Unnamed",4433,785,"","Russian Jack Ski Trails"
"1977","Unnamed",4434,3111,"","Kincaid Ski Trails"
"1978","Unnamed",4436,257,"","Beech Lake Ski Trails"
"1979","Unnamed",4437,4568,"",NA
"1980","Unnamed",4438,555,"",NA
"1981","Unnamed",4439,237,"","Beech Lake Ski Trails"
"1982","Unnamed",4440,2946,"",NA
"1983","Unnamed",4441,2311,"",NA
"1984","Unnamed",4442,3796,"","Ruth Arcand Trails"
"1985","Unnamed",4444,2321,"",NA
"1986","Unnamed",4445,4615,"","Connors Bog Skijor"
"1987","Unnamed",4446,733,"",NA
"1988","Unnamed",4447,4764,"",NA
"1989","Unnamed",4449,3177,"","Kincaid Other Trails"
"1990","Unnamed",4450,2214,"",NA
"1991","Unnamed",4451,1901,"","Campbell Creek Trail"
"1992","Unnamed",4452,25,"",NA
"1993","Unnamed",4453,4349,"","Russian Jack Ski Trails"
"1994","Unnamed",4455,1507,"",NA
"1995","Unnamed",4456,2975,"",NA
"1996","Unnamed",4457,3234,"",NA
"1997","Unnamed",4458,820,"","Russian Jack Ski Trails"
"1998","Unnamed",4459,4147,"",NA
"1999","Unnamed",4460,608,"",NA
"2000","Unnamed",4461,511,"",NA
"2001","Unnamed",4462,2901,"","Kincaid Other Trails"
"2002","Unnamed",4468,3952,"",NA
"2003","Unnamed",4483,4398,"","Hillside Ski Trails"
"2004","Unnamed",4485,1495,"",NA
"2005","Unnamed",4494,3934,"",NA
"2006","Unnamed",4495,1656,"",NA
"2007","Unnamed",4496,683,"",NA
"2008","Unnamed",4497,247,"","Beech Lake Ski Trails"
"2009","Unnamed",4499,3354,"","Kincaid Other Trails"
"2010","Unnamed",4500,466,"",NA
"2011","Unnamed",4501,1591,"",NA
"2012","Unnamed",4503,2354,"",NA
"2013","Unnamed",4504,831,"","Russian Jack Ski Trails"
"2014","Unnamed",4505,1414,"",NA
"2015","Unnamed",4507,278,"","Beech Lake Ski Trails"
"2016","Unnamed",4508,4567,"",NA
"2017","Unnamed",4509,673,"",NA
"2018","Unnamed",4510,4437,"",NA
"2019","Unnamed",4511,1477,"",NA
"2020","Unnamed",4512,2195,"",NA
"2021","Unnamed",4513,235,"","Beech Lake Ski Trails"
"2022","Unnamed",4514,4608,"","Connors Bog Skijor"
"2023","Unnamed",4515,578,"",NA
"2024","Unnamed",4516,1939,"",NA
"2025","Unnamed",4517,1470,"",NA
"2026","Unnamed",4518,3994,"",NA
"2027","Unnamed",4520,3930,"",NA
"2028","Unnamed",4521,2622,"",NA
"2029","Unnamed",4522,1510,"",NA
"2030","Unnamed",4524,1873,"",NA
"2031","Unnamed",4525,635,"",NA
"2032","Unnamed",4526,547,"",NA
"2033","Unnamed",4527,2762,"",NA
"2034","Unnamed",4528,707,"","Russian Jack Ski Trails"
"2035","Unnamed",4529,2210,"",NA
"2036","Unnamed",4530,4966,"","Connors Bog Skijor"
"2037","Unnamed",4531,3938,"",NA
"2038","Unnamed",4532,2275,"",NA
"2039","Unnamed",4533,4526,"",NA
"2040","Unnamed",4535,1500,"",NA
"2041","Unnamed",4536,3493,"",NA
"2042","Unnamed",4537,8,"","Mirror Lake Ski Trails"
"2043","Unnamed",4538,136,"","Beech Lake Ski Trails"
"2044","Unnamed",4539,1816,"",NA
"2045","Unnamed",4540,2892,"",NA
"2046","Unnamed",4541,2686,"",NA
"2047","Unnamed",4542,3,"",NA
"2048","Unnamed",4543,1302,"",NA
"2049","Unnamed",4544,3816,"","Ruth Arcand Trails"
"2050","Unnamed",4545,2272,"",NA
"2051","Unnamed",4546,3785,"","Ruth Arcand Trails"
"2052","Unnamed",4547,1102,"",NA
"2053","Unnamed",4548,1031,"",NA
"2054","Unnamed",4549,3204,"",NA
"2055","Unnamed",4550,3071,"","Kincaid Ski Trails"
"2056","Unnamed",4552,4607,"","Connors Bog Skijor"
"2057","Unnamed",4553,501,"",NA
"2058","Unnamed",4556,3842,"","Ruth Arcand Trails"
"2059","Unnamed",4557,3750,"","Ruth Arcand Trails"
"2060","Unnamed",4558,1959,"",NA
"2061","Unnamed",4559,2410,"",NA
"2062","Unnamed",4560,369,"","Centennial Park Trails"
"2063","Unnamed",4561,3770,"","Ruth Arcand Trails"
"2064","Unnamed",4562,2531,"",NA
"2065","Unnamed",4564,1425,"",NA
"2066","Unnamed",4565,938,"","Russian Jack Ski Trails"
"2067","Unnamed",4566,2227,"",NA
"2068","Unnamed",4568,3205,"",NA
"2069","Unnamed",4569,3645,"",NA
"2070","Unnamed",4570,2921,"","Kincaid Ski Trails"
"2071","Unnamed",4571,1370,"",NA
"2072","Unnamed",4572,611,"",NA
"2073","Unnamed",4573,222,"","Beech Lake Ski Trails"
"2074","Unnamed",4574,1054,"","Russian Jack Ski Trails"
"2075","Unnamed",4575,248,"","Beech Lake Ski Trails"
"2076","Unnamed",4576,75,"",NA
"2077","Unnamed",4577,1490,"",NA
"2078","Unnamed",4578,243,"","Beech Lake Ski Trails"
"2079","Unnamed",4579,447,"",NA
"2080","Unnamed",4580,3188,"","Kincaid Ski Trails"
"2081","Unnamed",4581,492,"",NA
"2082","Unnamed",4582,3862,"","Ruth Arcand Trails"
"2083","Unnamed",4583,4598,"",NA
"2084","Unnamed",4584,650,"","Russian Jack Ski Trails"
"2085","Unnamed",4585,2552,"","Kincaid Other Trails"
"2086","Unnamed",4586,699,"",NA
"2087","Unnamed",4587,3870,"","Ruth Arcand Trails"
"2088","Unnamed",4588,4382,"","Kincaid Other Trails"
"2089","Unnamed",4589,253,"","Beech Lake Ski Trails"
"2090","Unnamed",4590,552,"",NA
"2091","Unnamed",4591,111,"","Beech Lake Ski Trails"
"2092","Unnamed",4592,803,"","Russian Jack Ski Trails"
"2093","Unnamed",4593,4389,"",NA
"2094","Unnamed",4594,3764,"","Ruth Arcand Trails"
"2095","Unnamed",4595,1915,"",NA
"2096","Unnamed",4596,1441,"",NA
"2097","Unnamed",4597,4312,"",NA
"2098","Unnamed",4598,1262,"",NA
"2099","Unnamed",4599,4817,"",NA
"2100","Unnamed",4600,3829,"","Ruth Arcand Trails"
"2101","Unnamed",4601,2437,"",NA
"2102","Unnamed",4602,3372,"","Kincaid Other Trails"
"2103","Unnamed",4603,95,"","Beech Lake Ski Trails"
"2104","Unnamed",4604,3769,"","Ruth Arcand Trails"
"2105","Unnamed",4605,1420,"",NA
"2106","Unnamed",4607,3853,"","Ruth Arcand Trails"
"2107","Unnamed",4608,1676,"","Kincaid Ski Trails"
"2108","Unnamed",4610,695,"",NA
"2109","Unnamed",4611,4768,"",NA
"2110","Unnamed",4612,4417,"",NA
"2111","Unnamed",4616,72,"",NA
"2112","Unnamed",4617,3893,"","Ruth Arcand Trails"
"2113","Unnamed",4618,1066,"",NA
"2114","Unnamed",4619,3876,"","Ruth Arcand Trails"
"2115","Unnamed",4620,201,"",NA
"2116","Unnamed",4621,3194,"",NA
"2117","Unnamed",4622,1529,"",NA
"2118","Unnamed",4626,4550,"",NA
"2119","Unnamed",4627,4729,"",NA
"2120","Unnamed",4628,1481,"",NA
"2121","Unnamed",4630,2729,"",NA
"2122","Unnamed",4631,1925,"",NA
"2123","Unnamed",4632,1342,"",NA
"2124","Unnamed",4633,4774,"",NA
"2125","Unnamed",4634,3802,"","Ruth Arcand Trails"
"2126","Unnamed",4635,4781,"",NA
"2127","Unnamed",4636,2015,"",NA
"2128","Unnamed",4637,2406,"",NA
"2129","Unnamed",4638,2956,"",NA
"2130","Unnamed",4639,4399,"",NA
"2131","Unnamed",4640,4816,"",NA
"2132","Unnamed",4641,254,"","Beech Lake Ski Trails"
"2133","Unnamed",4642,1583,"",NA
"2134","Unnamed",4643,459,"",NA
"2135","Unnamed",4644,2551,"","Kincaid Other Trails"
"2136","Unnamed",4645,3705,"",NA
"2137","Unnamed",4647,985,"",NA
"2138","Unnamed",4648,318,"",NA
"2139","Unnamed",4649,4405,"","Russian Jack Ski Trails"
"2140","Unnamed",4650,1811,"",NA
"2141","Unnamed",4651,3992,"",NA
"2142","Unnamed",4652,110,"","Beech Lake Ski Trails"
"2143","Unnamed",4653,836,"","Russian Jack Ski Trails"
"2144","Unnamed",4654,1814,"",NA
"2145","Unnamed",4655,1954,"",NA
"2146","Unnamed",4656,3762,"","Ruth Arcand Trails"
"2147","Unnamed",4658,3089,"","Kincaid Other Trails"
"2148","Unnamed",4659,626,"",NA
"2149","Unnamed",4660,3895,"","Ruth Arcand Trails"
"2150","Unnamed",4661,73,"",NA
"2151","Unnamed",4662,2908,"","Kincaid Other Trails"
"2152","Unnamed",4663,3496,"",NA
"2153","Unnamed",4664,2734,"",NA
"2154","Unnamed",4665,4566,"","Russian Jack Ski Trails"
"2155","Unnamed",4667,2250,"",NA
"2156","Unnamed",4669,1315,"",NA
"2157","Unnamed",4670,619,"",NA
"2158","Unnamed",4671,1378,"",NA
"2159","Unnamed",4672,1944,"",NA
"2160","Unnamed",4673,1334,"",NA
"2161","Unnamed",4675,4724,"",NA
"2162","Unnamed",4677,2955,"",NA
"2163","Unnamed",4678,2566,"",NA
"2164","Unnamed",4680,2643,"",NA
"2165","Unnamed",4681,4383,"","Russian Jack Ski Trails"
"2166","Unnamed",4697,3830,"","Ruth Arcand Trails"
"2167","Unnamed",4698,3756,"","Ruth Arcand Trails"
"2168","Unnamed",4699,980,"","Russian Jack Ski Trails"
"2169","Unnamed",4700,2630,"","Kincaid Other Trails"
"2170","Unnamed",4701,1779,"",NA
"2171","Unnamed",4702,80,"","Beech Lake Ski Trails"
"2172","Unnamed",4703,3499,"",NA
"2173","Unnamed",4704,4604,"","Connors Bog Skijor"
"2174","Unnamed",4705,2772,"","Kincaid Other Trails"
"2175","Unnamed",4706,2216,"",NA
"2176","Unnamed",4707,109,"","Beech Lake Ski Trails"
"2177","Unnamed",4708,4455,"","Kincaid Other Trails"
"2178","Unnamed",4709,806,"",NA
"2179","Unnamed",4710,49,"",NA
"2180","Unnamed",4711,3141,"",NA
"2181","Unnamed",4712,1429,"",NA
"2182","Unnamed",4713,893,"",NA
"2183","Unnamed",4714,4657,"",NA
"2184","Unnamed",4715,2469,"",NA
"2185","Unnamed",4716,1373,"",NA
"2186","Unnamed",4717,4639,"","Kincaid Other Trails"
"2187","Unnamed",4718,1090,"","Coastal Trail"
"2188","Unnamed",4721,398,"",NA
"2189","Unnamed",4722,171,"","Russian Jack Ski Trails"
"2190","Unnamed",4723,2950,"","Kincaid Other Trails"
"2191","Unnamed",4724,152,"",NA
"2192","Unnamed",4725,4823,"",NA
"2193","Unnamed",4726,1484,"",NA
"2194","Unnamed",4727,1033,"",NA
"2195","Unnamed",4728,1448,"",NA
"2196","Unnamed",4729,3760,"","Ruth Arcand Trails"
"2197","Unnamed",4730,2231,"",NA
"2198","Unnamed",4731,503,"","Russian Jack Ski Trails"
"2199","Unnamed",4732,3970,"","Kincaid Other Trails"
"2200","Unnamed",4733,1852,"",NA
"2201","Unnamed",4734,1858,"",NA
"2202","Unnamed",4735,726,"","Russian Jack Ski Trails"
"2203","Unnamed",4736,2428,"",NA
"2204","Unnamed",4737,1471,"",NA
"2205","Unnamed",4738,226,"","Beech Lake Ski Trails"
"2206","Unnamed",4739,716,"",NA
"2207","Unnamed",4740,1969,"","Kincaid Other Trails"
"2208","Unnamed",4741,3385,"","Kincaid Other Trails"
"2209","Unnamed",4742,1847,"",NA
"2210","Unnamed",4743,3098,"",NA
"2211","Unnamed",4744,3056,"","Kincaid Other Trails"
"2212","Unnamed",4745,1286,"",NA
"2213","Unnamed",4746,4428,"","Kincaid Other Trails"
"2214","Unnamed",4747,2342,"",NA
"2215","Unnamed",4748,3022,"","Kincaid Other Trails"
"2216","Unnamed",4749,787,"",NA
"2217","Unnamed",4750,2539,"","Kincaid Other Trails"
"2218","Unnamed",4751,817,"","Russian Jack Ski Trails"
"2219","Unnamed",4752,2536,"",NA
"2220","Unnamed",4753,4533,"",NA
"2221","Unnamed",4754,4665,"","Kincaid Other Trails"
"2222","Unnamed",4755,2325,"",NA
"2223","Unnamed",4756,3863,"","Ruth Arcand Trails"
"2224","Unnamed",4757,559,"",NA
"2225","Unnamed",4758,1099,"",NA
"2226","Unnamed",4759,3454,"","Kincaid Other Trails"
"2227","Unnamed",4760,1347,"",NA
"2228","Unnamed",4761,4515,"",NA
"2229","Unnamed",4762,2337,"",NA
"2230","Unnamed",4763,4793,"",NA
"2231","Unnamed",4764,3132,"","Kincaid Ski Trails"
"2232","Unnamed",4765,4815,"",NA
"2233","Unnamed",4766,4806,"","Kincaid Other Trails"
"2234","Unnamed",4767,3073,"","Coastal Trail"
"2235","Unnamed",4768,4573,"",NA
"2236","Unnamed",4770,725,"","Russian Jack Ski Trails"
"2237","Unnamed",4771,2727,"",NA
"2238","Unnamed",4772,352,"",NA
"2239","Unnamed",4773,4748,"","Kincaid Other Trails"
"2240","Unnamed",4774,2619,"","Kincaid Other Trails"
"2241","Unnamed",4775,2563,"",NA
"2242","Unnamed",4776,2585,"",NA
"2243","Unnamed",4777,251,"","Beech Lake Ski Trails"
"2244","Unnamed",4778,3890,"",NA
"2245","Unnamed",4779,3587,"",NA
"2246","Unnamed",4781,3708,"",NA
"2247","Unnamed",4782,4586,"",NA
"2248","Unnamed",4784,444,"",NA
"2249","Unnamed",4785,2697,"",NA
"2250","Unnamed",4786,3818,"","Ruth Arcand Trails"
"2251","Unnamed",4788,2350,"",NA
"2252","Unnamed",4789,3140,"",NA
"2253","Unnamed",4790,4605,"",NA
"2254","Unnamed",4791,2635,"",NA
"2255","Unnamed",4792,3846,"","Ruth Arcand Trails"
"2256","Unnamed",4793,2432,"",NA
"2257","Unnamed",4794,1984,"","Ruth Arcand Trails"
"2258","Unnamed",4795,1765,"",NA
"2259","Unnamed",4796,206,"",NA
"2260","Unnamed",4797,3878,"","Ruth Arcand Trails"
"2261","Unnamed",4798,54,"",NA
"2262","Unnamed",4800,2347,"",NA
"2263","Unnamed",4802,4669,"",NA
"2264","Unnamed",4803,2471,"",NA
"2265","Unnamed",4804,219,"","Beech Lake Ski Trails"
"2266","Unnamed",4805,2853,"","Kincaid Other Trails"
"2267","Unnamed",4806,1711,"",NA
"2268","Unnamed",4807,1044,"",NA
"2269","Unnamed",4808,2259,"",NA
"2270","Unnamed",4810,2327,"",NA
"2271","Unnamed",4812,929,"","Russian Jack Ski Trails"
"2272","Unnamed",4813,2554,"",NA
"2273","Unnamed",4814,3883,"","Ruth Arcand Trails"
"2274","Unnamed",4815,738,"","Russian Jack Ski Trails"
"2275","Unnamed",4816,1681,"","Coastal Trail"
"2276","Unnamed",4828,529,"",NA
"2277","Unnamed",4829,2854,"","Kincaid Other Trails"
"2278","Unnamed",4830,2466,"",NA
"2279","Unnamed",4831,2184,"",NA
"2280","Unnamed",4832,4629,"","Kincaid Other Trails"
"2281","Unnamed",4833,2843,"",NA
"2282","Unnamed",4834,1496,"",NA
"2283","Unnamed",4835,784,"","Russian Jack Ski Trails"
"2284","Unnamed",4836,653,"","Russian Jack Ski Trails"
"2285","Unnamed",4837,262,"","Beech Lake Ski Trails"
"2286","Unnamed",4838,3747,"","Ruth Arcand Trails"
"2287","Unnamed",4839,2713,"","Kincaid Other Trails"
"2288","Unnamed",4840,3948,"",NA
"2289","Unnamed",4841,3129,"","Kincaid Ski Trails"
"2290","Unnamed",4842,2059,"",NA
"2291","Unnamed",4843,457,"",NA
"2292","Unnamed",4844,865,"",NA
"2293","Unnamed",4845,202,"",NA
"2294","Unnamed",4846,4787,"",NA
"2295","Unnamed",4847,1301,"",NA
"2296","Unnamed",4848,77,"","Beech Lake Ski Trails"
"2297","Unnamed",4849,2823,"","Kincaid Other Trails"
"2298","Unnamed",4850,2688,"",NA
"2299","Unnamed",4852,954,"","Russian Jack Ski Trails"
"2300","Unnamed",4853,3474,"",NA
"2301","Unnamed",4854,3314,"","Kincaid Ski Trails"
"2302","Unnamed",4855,137,"","Beech Lake Ski Trails"
"2303","Unnamed",4856,3094,"",NA
"2304","Unnamed",4857,3316,"","Kincaid Other Trails"
"2305","Unnamed",4859,3848,"","Ruth Arcand Trails"
"2306","Unnamed",4861,1853,"",NA
"2307","Unnamed",4862,2915,"","Kincaid Other Trails"
"2308","Unnamed",4863,1196,"","Coastal Trail"
"2309","Unnamed",4864,166,"","Russian Jack Ski Trails"
"2310","Unnamed",4865,204,"","Coastal Trail"
"2311","Unnamed",4866,3837,"","Ruth Arcand Trails"
"2312","Unnamed",4868,165,"",NA
"2313","Unnamed",4869,1863,"",NA
"2314","Unnamed",4870,1209,"",NA
"2315","Unnamed",4872,224,"","Beech Lake Ski Trails"
"2316","Unnamed",4883,616,"",NA
"2317","Unnamed",4884,680,"",NA
"2318","Unnamed",4885,800,"",NA
"2319","Unnamed",4886,517,"",NA
"2320","Unnamed",4887,4744,"",NA
"2321","Unnamed",4888,4792,"","Kincaid Other Trails"
"2322","Unnamed",4889,3695,"",NA
"2323","Unnamed",4890,775,"",NA
"2324","Unnamed",4891,1624,"",NA
"2325","Unnamed",4892,3045,"","Kincaid Other Trails"
"2326","Unnamed",4893,2547,"",NA
"2327","Unnamed",4895,4098,"",NA
"2328","Unnamed",4896,1325,"",NA
"2329","Unnamed",4897,691,"","Russian Jack Ski Trails"
"2330","Unnamed",4898,3966,"",NA
"2331","Unnamed",4900,3845,"","Ruth Arcand Trails"
"2332","Unnamed",4901,1881,"",NA
"2333","Unnamed",4902,1323,"",NA
"2334","Unnamed",4904,4347,"","Russian Jack Ski Trails"
"2335","Unnamed",4905,3097,"",NA
"2336","Unnamed",4906,3811,"","Ruth Arcand Trails"
"2337","Unnamed",4907,2565,"",NA
"2338","Unnamed",4908,3774,"","Ruth Arcand Trails"
"2339","Unnamed",4909,3438,"",NA
"2340","Unnamed",4910,4184,"",NA
"2341","Unnamed",4911,4759,"",NA
"2342","Unnamed",4912,4795,"",NA
"2343","Unnamed",4913,1303,"",NA
"2344","Unnamed",4914,320,"",NA
"2345","Unnamed",4915,1941,"",NA
"2346","Unnamed",4916,827,"",NA
"2347","Unnamed",4921,2888,"",NA
"2348","Unnamed",4922,270,"","Beech Lake Ski Trails"
"2349","Unnamed",4923,1571,"",NA
"2350","Unnamed",4924,751,"",NA
"2351","Unnamed",4925,3823,"","Ruth Arcand Trails"
"2352","Unnamed",4926,4553,"",NA
"2353","Unnamed",4927,249,"","Beech Lake Ski Trails"
"2354","Unnamed",4928,1538,"",NA
"2355","Unnamed",4929,1667,"",NA
"2356","Unnamed",4931,859,"",NA
"2357","Unnamed",4932,476,"",NA
"2358","Unnamed",4934,3851,"","Ruth Arcand Trails"
"2359","Unnamed",4935,1030,"",NA
"2360","Unnamed",4936,742,"",NA
"2361","Unnamed",4937,723,"",NA
"2362","Unnamed",4938,2310,"",NA
"2363","Unnamed",4940,179,"","Russian Jack Ski Trails"
"2364","Unnamed",4941,4773,"",NA
"2365","Unnamed",4942,731,"","Russian Jack Ski Trails"
"2366","Unnamed",4943,4523,"","Russian Jack Ski Trails"
"2367","Unnamed",4944,4659,"",NA
"2368","Unnamed",4945,4692,"",NA
"2369","Unnamed",4946,3361,"","Kincaid Other Trails"
"2370","Unnamed",4947,643,"",NA
"2371","Unnamed",4948,3721,"",NA
"2372","Unnamed",4949,1215,"",NA
"2373","Unnamed",4950,2042,"",NA
"2374","Unnamed",4951,3988,"",NA
"2375","Unnamed",4952,1985,"","Ruth Arcand Trails"
"2376","Unnamed",4954,3820,"","Ruth Arcand Trails"
"2377","Unnamed",4955,879,"",NA
"2378","Unnamed",4956,3373,"","Kincaid Other Trails"
"2379","Unnamed",4957,4376,"",NA
"2380","Unnamed",4958,3233,"",NA
"2381","Unnamed",4959,4477,"",NA
"2382","Unnamed",4960,527,"",NA
"2383","Unnamed",4961,182,"",NA
"2384","Unnamed",4962,2353,"",NA
"2385","Unnamed",4963,3437,"",NA
"2386","Unnamed",4964,2683,"",NA
"2387","Unnamed",4966,1938,"",NA
"2388","Unnamed",4967,2533,"",NA
"2389","Unnamed",4968,1034,"",NA
"2390","Unnamed",4970,4685,"",NA
"2391","Unnamed",4971,277,"","Beech Lake Ski Trails"
"2392","Unnamed",4972,445,"",NA
"2393","Unnamed",4973,4745,"",NA
"2394","Unnamed",4974,2588,"",NA
"2395","Unnamed",4975,1602,"",NA
"2396","Unnamed",4976,2982,"","Kincaid Ski Trails"
"2397","Unnamed",4977,974,"","Russian Jack Ski Trails"
"2398","Unnamed",4978,98,"","Beech Lake Ski Trails"
"2399","Unnamed",4979,4476,"",NA
"2400","Unnamed",4980,811,"","Russian Jack Ski Trails"
"2401","Unnamed",4982,4350,"",NA
"2402","Unnamed",4983,150,"",NA
"2403","Unnamed",4984,3755,"","Ruth Arcand Trails"
"2404","Unnamed",4985,316,"",NA
"2405","Unnamed",4986,2691,"",NA
"2406","Unnamed",4987,2212,"",NA
"2407","Unnamed",4989,986,"","Russian Jack Ski Trails"
"2408","Unnamed",4990,1107,"","Coastal Trail"
"2409","Unnamed",4991,670,"","Russian Jack Ski Trails"
"2410","Unnamed",4992,275,"","Beech Lake Ski Trails"
"2411","Unnamed",4993,1621,"",NA
"2412","Unnamed",4994,3024,"","Kincaid Other Trails"
"2413","Unnamed",4996,1074,"",NA
"2414","Unnamed",4997,3244,"",NA
"2415","Unnamed",4998,3345,"",NA
"2416","Unnamed",4999,1540,"",NA
"2417","Unnamed",5000,1777,"",NA
"2418","Unnamed",5002,169,"","Russian Jack Ski Trails"
"2419","Unnamed",5003,326,"",NA
"2420","Unnamed",5004,2257,"",NA
"2421","Unnamed",5005,2774,"",NA
"2422","Unnamed",5006,4116,"",NA
"2423","Unnamed",5007,4549,"",NA
"2424","Unnamed",5008,1761,"",NA
"2425","Unnamed",5009,90,"","Beech Lake Ski Trails"
"2426","Unnamed",5011,1845,"",NA
"2427","Unnamed",5012,4513,"",NA
"2428","Unnamed",5013,2242,"",NA
"2429","Unnamed",5014,2218,"",NA
"2430","Unnamed",5015,633,"",NA
"2431","Unnamed",5016,1318,"",NA
"2432","Unnamed",5017,737,"","Russian Jack Ski Trails"
"2433","Unnamed",5018,4498,"",NA
"2434","Unnamed",5019,830,"",NA
"2435","Unnamed",5020,631,"","Russian Jack Ski Trails"
"2436","Unnamed",5022,3512,"",NA
"2437","Unnamed",5023,2912,"","Kincaid Ski Trails"
"2438","Unnamed",5024,572,"",NA
"2439","Unnamed",5025,826,"","Russian Jack Ski Trails"
"2440","Unnamed",5026,4208,"","Girdwood Trails"
"2441","Unnamed",5027,3220,"","Kincaid Other Trails"
"2442","Unnamed",5028,4711,"",NA
"2443","Unnamed",5029,2498,"",NA
"2444","Unnamed",5030,1398,"",NA
"2445","Unnamed",5031,274,"","Beech Lake Ski Trails"
"2446","Unnamed",5032,2160,"","Kincaid Other Trails"
"2447","Unnamed",5033,2143,"",NA
"2448","Unnamed",5034,2453,"",NA
"2449","Unnamed",5035,2679,"",NA
"2450","Unnamed",5036,2948,"","Kincaid Other Trails"
"2451","Unnamed",5037,467,"",NA
"2452","Unnamed",5038,1795,"",NA
"2453","Unnamed",5039,10,"","Mirror Lake Ski Trails"
"2454","Unnamed",5040,221,"","Beech Lake Ski Trails"
"2455","Unnamed",5041,3937,"",NA
"2456","Unnamed",5042,1692,"",NA
"2457","Unnamed",5043,3586,"",NA
"2458","Unnamed",5044,3799,"","Ruth Arcand Trails"
"2459","Unnamed",5046,881,"","Russian Jack Ski Trails"
"2460","Unnamed",5047,584,"",NA
"2461","Unnamed",5048,3751,"","Ruth Arcand Trails"
"2462","Unnamed",5049,3782,"","Ruth Arcand Trails"
"2463","Unnamed",5050,1506,"",NA
"2464","Unnamed",5051,3850,"","Ruth Arcand Trails"
"2465","Unnamed",5052,1003,"",NA
"2466","Unnamed",5053,1455,"",NA
"2467","Unnamed",5054,3078,"",NA
"2468","Unnamed",5055,2241,"",NA
"2469","Unnamed",5056,1052,"",NA
"2470","Unnamed",5058,4469,"","Beech Lake Ski Trails"
"2471","Unnamed",5060,37,"","Mirror Lake Ski Trails"
"2472","Unnamed",5061,4763,"","Beech Lake Ski Trails"
"2473","Unnamed",5062,3759,"","Ruth Arcand Trails"
"2474","Unnamed",5063,671,"",NA
"2475","Unnamed",5065,4608,"",NA
"2476","Unnamed",5066,2081,"",NA
"2477","Unnamed",5068,2957,"",NA
"2478","Unnamed",5069,729,"",NA
"2479","Unnamed",5070,1674,"","Kincaid Other Trails"
"2480","Unnamed",5071,600,"",NA
"2481","Unnamed",5072,227,"","Beech Lake Ski Trails"
"2482","Unnamed",5073,1822,"",NA
"2483","Unnamed",5074,3242,"",NA
"2484","Unnamed",5075,594,"",NA
"2485","Unnamed",5076,480,"",NA
"2486","Unnamed",5077,1032,"","Russian Jack Ski Trails"
"2487","Unnamed",5078,461,"",NA
"2488","Unnamed",5079,1768,"",NA
"2489","Unnamed",5080,2505,"",NA
"2490","Unnamed",5081,3332,"","Kincaid Ski Trails"
"2491","Unnamed",5082,360,"",NA
"2492","Unnamed",5084,722,"","Russian Jack Ski Trails"
"2493","Unnamed",5085,3261,"",NA
"2494","Unnamed",5086,2475,"",NA
"2495","Unnamed",5087,211,"","Beech Lake Ski Trails"
"2496","Unnamed",5088,1798,"",NA
"2497","Unnamed",5089,2574,"",NA
"2498","Unnamed",5090,147,"","Beech Lake Ski Trails"
"2499","Unnamed",5091,4754,"",NA
"2500","Unnamed",5092,4520,"",NA
"2501","Unnamed",5093,1983,"","Ruth Arcand Trails"
"2502","Unnamed",5094,645,"",NA
"2503","Unnamed",5095,1184,"",NA
"2504","Unnamed",5097,2898,"",NA
"2505","Unnamed",5098,146,"","Beech Lake Ski Trails"
"2506","Unnamed",5099,2349,"",NA
"2507","Unnamed",5100,118,"","Beech Lake Ski Trails"
"2508","Unnamed",5101,3872,"","Ruth Arcand Trails"
"2509","Unnamed",5102,651,"","Russian Jack Ski Trails"
"2510","Unnamed",5103,919,"","Russian Jack Ski Trails"
"2511","Unnamed",5104,1242,"",NA
"2512","Unnamed",5105,216,"","Beech Lake Ski Trails"
"2513","Unnamed",5106,4222,"",NA
"2514","Unnamed",5107,238,"","Beech Lake Ski Trails"
"2515","Unnamed",5108,4525,"",NA
"2516","Unnamed",5109,1093,"","Coastal Trail"
"2517","Unnamed",5110,3814,"","Ruth Arcand Trails"
"2518","Unnamed",5111,3672,"","Hillside Ski Trails"
"2519","Unnamed",5112,1042,"",NA
"2520","Unnamed",5113,3789,"","Ruth Arcand Trails"
"2521","Unnamed",5114,3001,"",NA
"2522","Unnamed",5116,4541,"","Beech Lake Ski Trails"
"2523","Unnamed",5118,3017,"","Kincaid Other Trails"
"2524","Unnamed",5119,710,"","Russian Jack Ski Trails"
"2525","Unnamed",5120,193,"","Russian Jack Ski Trails"
"2526","Unnamed",5121,839,"",NA
"2527","Unnamed",5122,2591,"",NA
"2528","Unnamed",5123,3252,"",NA
"2529","Unnamed",5124,3423,"",NA
"2530","Unnamed",5125,2979,"",NA
"2531","Unnamed",5126,5,"",NA
"2532","Unnamed",5127,161,"",NA
"2533","Unnamed",5128,3589,"",NA
"2534","Unnamed",5140,3077,"","Kincaid Other Trails"
"2535","Unnamed",5141,3368,"",NA
